year,zone,sex,age_group,population,hypertension_count,prevalence_rate
2000-01-01T00:00:00.000,Zone 4 - Central,F,20 to 29,30198,367,1.22
2000-01-01T00:00:00.000,Zone 4 - Central,F,30 to 39,34639,1473,4.25
2000-01-01T00:00:00.000,Zone 4 - Central,F,40 to 49,32980,3497,10.60
2000-01-01T00:00:00.000,Zone 4 - Central,F,50 to 59,24173,6527,27.00
2000-01-01T00:00:00.000,Zone 4 - Central,F,60 to 69,14990,6828,45.55
2000-01-01T00:00:00.000,Zone 4 - Central,F,70 to 79,12052,7341,60.91
2000-01-01T00:00:00.000,Zone 4 - Central,F,80 +,8411,5548,65.96
2000-01-01T00:00:00.000,Zone 4 - Central,M,20 to 29,28067,304,1.08
2000-01-01T00:00:00.000,Zone 4 - Central,M,30 to 39,31448,1315,4.18
2000-01-01T00:00:00.000,Zone 4 - Central,M,40 to 49,30424,3197,10.51
2000-01-01T00:00:00.000,Zone 4 - Central,M,50 to 59,22981,5587,24.31
2000-01-01T00:00:00.000,Zone 4 - Central,M,60 to 69,14044,5749,40.94
2000-01-01T00:00:00.000,Zone 4 - Central,M,70 to 79,8889,4784,53.82
2000-01-01T00:00:00.000,Zone 4 - Central,M,80 +,4006,2279,56.89
2000-01-01T00:00:00.000,Zone 3 - Eastern,F,20 to 29,10667,194,1.82
2000-01-01T00:00:00.000,Zone 3 - Eastern,F,30 to 39,12657,779,6.15
2000-01-01T00:00:00.000,Zone 3 - Eastern,F,40 to 49,15258,2196,14.39
2000-01-01T00:00:00.000,Zone 3 - Eastern,F,50 to 59,12308,3899,31.68
2000-01-01T00:00:00.000,Zone 3 - Eastern,F,60 to 69,8521,4091,48.01
2000-01-01T00:00:00.000,Zone 3 - Eastern,F,70 to 79,6858,4278,62.38
2000-01-01T00:00:00.000,Zone 3 - Eastern,F,80 +,5643,3608,63.94
2000-01-01T00:00:00.000,Zone 3 - Eastern,M,20 to 29,10920,166,1.52
2000-01-01T00:00:00.000,Zone 3 - Eastern,M,30 to 39,12412,683,5.50
2000-01-01T00:00:00.000,Zone 3 - Eastern,M,40 to 49,15102,2017,13.36
2000-01-01T00:00:00.000,Zone 3 - Eastern,M,50 to 59,12773,3436,26.90
2000-01-01T00:00:00.000,Zone 3 - Eastern,M,60 to 69,8292,3436,41.44
2000-01-01T00:00:00.000,Zone 3 - Eastern,M,70 to 79,5414,2917,53.88
2000-01-01T00:00:00.000,Zone 3 - Eastern,M,80 +,2853,1527,53.52
2000-01-01T00:00:00.000,Zone 2 - Northern,F,20 to 29,9980,175,1.75
2000-01-01T00:00:00.000,Zone 2 - Northern,F,30 to 39,11943,680,5.69
2000-01-01T00:00:00.000,Zone 2 - Northern,F,40 to 49,12834,1732,13.50
2000-01-01T00:00:00.000,Zone 2 - Northern,F,50 to 59,10147,3139,30.94
2000-01-01T00:00:00.000,Zone 2 - Northern,F,60 to 69,6797,3248,47.79
2000-01-01T00:00:00.000,Zone 2 - Northern,F,70 to 79,5746,3611,62.84
2000-01-01T00:00:00.000,Zone 2 - Northern,F,80 +,4572,3007,65.77
2000-01-01T00:00:00.000,Zone 2 - Northern,M,20 to 29,9938,138,1.39
2000-01-01T00:00:00.000,Zone 2 - Northern,M,30 to 39,11645,620,5.32
2000-01-01T00:00:00.000,Zone 2 - Northern,M,40 to 49,12670,1579,12.46
2000-01-01T00:00:00.000,Zone 2 - Northern,M,50 to 59,10322,2738,26.53
2000-01-01T00:00:00.000,Zone 2 - Northern,M,60 to 69,6578,2737,41.61
2000-01-01T00:00:00.000,Zone 2 - Northern,M,70 to 79,4444,2379,53.53
2000-01-01T00:00:00.000,Zone 2 - Northern,M,80 +,2260,1286,56.90
2000-01-01T00:00:00.000,Zone 1 - Western,F,20 to 29,11986,217,1.81
2000-01-01T00:00:00.000,Zone 1 - Western,F,30 to 39,15866,771,4.86
2000-01-01T00:00:00.000,Zone 1 - Western,F,40 to 49,17474,2023,11.58
2000-01-01T00:00:00.000,Zone 1 - Western,F,50 to 59,14376,4041,28.11
2000-01-01T00:00:00.000,Zone 1 - Western,F,60 to 69,9693,4315,44.52
2000-01-01T00:00:00.000,Zone 1 - Western,F,70 to 79,7792,4589,58.89
2000-01-01T00:00:00.000,Zone 1 - Western,F,80 +,6197,3720,60.03
2000-01-01T00:00:00.000,Zone 1 - Western,M,20 to 29,11847,132,1.11
2000-01-01T00:00:00.000,Zone 1 - Western,M,30 to 39,14993,667,4.45
2000-01-01T00:00:00.000,Zone 1 - Western,M,40 to 49,16812,1847,10.99
2000-01-01T00:00:00.000,Zone 1 - Western,M,50 to 59,14233,3359,23.60
2000-01-01T00:00:00.000,Zone 1 - Western,M,60 to 69,9535,3531,37.03
2000-01-01T00:00:00.000,Zone 1 - Western,M,70 to 79,6504,3137,48.23
2000-01-01T00:00:00.000,Zone 1 - Western,M,80 +,3496,1683,48.14
2001-01-01T00:00:00.000,Zone 4 - Central,F,20 to 29,30093,388,1.29
2001-01-01T00:00:00.000,Zone 4 - Central,F,30 to 39,34311,1594,4.65
2001-01-01T00:00:00.000,Zone 4 - Central,F,40 to 49,33886,3814,11.26
2001-01-01T00:00:00.000,Zone 4 - Central,F,50 to 59,25241,7046,27.91
2001-01-01T00:00:00.000,Zone 4 - Central,F,60 to 69,15353,7335,47.78
2001-01-01T00:00:00.000,Zone 4 - Central,F,70 to 79,12136,7707,63.51
2001-01-01T00:00:00.000,Zone 4 - Central,F,80 +,8762,6046,69.00
2001-01-01T00:00:00.000,Zone 4 - Central,M,20 to 29,28242,334,1.18
2001-01-01T00:00:00.000,Zone 4 - Central,M,30 to 39,31239,1357,4.34
2001-01-01T00:00:00.000,Zone 4 - Central,M,40 to 49,31456,3536,11.24
2001-01-01T00:00:00.000,Zone 4 - Central,M,50 to 59,23897,6065,25.38
2001-01-01T00:00:00.000,Zone 4 - Central,M,60 to 69,14387,6174,42.91
2001-01-01T00:00:00.000,Zone 4 - Central,M,70 to 79,9092,5134,56.47
2001-01-01T00:00:00.000,Zone 4 - Central,M,80 +,4301,2559,59.50
2001-01-01T00:00:00.000,Zone 3 - Eastern,F,20 to 29,10454,199,1.90
2001-01-01T00:00:00.000,Zone 3 - Eastern,F,30 to 39,12314,809,6.57
2001-01-01T00:00:00.000,Zone 3 - Eastern,F,40 to 49,15289,2354,15.40
2001-01-01T00:00:00.000,Zone 3 - Eastern,F,50 to 59,12706,4203,33.08
2001-01-01T00:00:00.000,Zone 3 - Eastern,F,60 to 69,8653,4367,50.47
2001-01-01T00:00:00.000,Zone 3 - Eastern,F,70 to 79,6813,4430,65.02
2001-01-01T00:00:00.000,Zone 3 - Eastern,F,80 +,5759,3878,67.34
2001-01-01T00:00:00.000,Zone 3 - Eastern,M,20 to 29,10647,163,1.53
2001-01-01T00:00:00.000,Zone 3 - Eastern,M,30 to 39,12023,694,5.77
2001-01-01T00:00:00.000,Zone 3 - Eastern,M,40 to 49,15104,2154,14.26
2001-01-01T00:00:00.000,Zone 3 - Eastern,M,50 to 59,13125,3708,28.25
2001-01-01T00:00:00.000,Zone 3 - Eastern,M,60 to 69,8463,3744,44.24
2001-01-01T00:00:00.000,Zone 3 - Eastern,M,70 to 79,5459,3080,56.42
2001-01-01T00:00:00.000,Zone 3 - Eastern,M,80 +,2880,1671,58.02
2001-01-01T00:00:00.000,Zone 2 - Northern,F,20 to 29,9734,172,1.77
2001-01-01T00:00:00.000,Zone 2 - Northern,F,30 to 39,11691,712,6.09
2001-01-01T00:00:00.000,Zone 2 - Northern,F,40 to 49,13052,1913,14.66
2001-01-01T00:00:00.000,Zone 2 - Northern,F,50 to 59,10466,3375,32.25
2001-01-01T00:00:00.000,Zone 2 - Northern,F,60 to 69,6959,3475,49.94
2001-01-01T00:00:00.000,Zone 2 - Northern,F,70 to 79,5698,3703,64.99
2001-01-01T00:00:00.000,Zone 2 - Northern,F,80 +,4679,3246,69.37
2001-01-01T00:00:00.000,Zone 2 - Northern,M,20 to 29,9669,132,1.37
2001-01-01T00:00:00.000,Zone 2 - Northern,M,30 to 39,11495,684,5.95
2001-01-01T00:00:00.000,Zone 2 - Northern,M,40 to 49,12793,1748,13.66
2001-01-01T00:00:00.000,Zone 2 - Northern,M,50 to 59,10678,3010,28.19
2001-01-01T00:00:00.000,Zone 2 - Northern,M,60 to 69,6747,2969,44.00
2001-01-01T00:00:00.000,Zone 2 - Northern,M,70 to 79,4485,2511,55.99
2001-01-01T00:00:00.000,Zone 2 - Northern,M,80 +,2360,1452,61.53
2001-01-01T00:00:00.000,Zone 1 - Western,F,20 to 29,11695,218,1.86
2001-01-01T00:00:00.000,Zone 1 - Western,F,30 to 39,15336,827,5.39
2001-01-01T00:00:00.000,Zone 1 - Western,F,40 to 49,17773,2166,12.19
2001-01-01T00:00:00.000,Zone 1 - Western,F,50 to 59,14817,4331,29.23
2001-01-01T00:00:00.000,Zone 1 - Western,F,60 to 69,9870,4587,46.47
2001-01-01T00:00:00.000,Zone 1 - Western,F,70 to 79,7789,4750,60.98
2001-01-01T00:00:00.000,Zone 1 - Western,F,80 +,6378,4050,63.50
2001-01-01T00:00:00.000,Zone 1 - Western,M,20 to 29,11613,138,1.19
2001-01-01T00:00:00.000,Zone 1 - Western,M,30 to 39,14477,659,4.55
2001-01-01T00:00:00.000,Zone 1 - Western,M,40 to 49,17043,1997,11.72
2001-01-01T00:00:00.000,Zone 1 - Western,M,50 to 59,14677,3662,24.95
2001-01-01T00:00:00.000,Zone 1 - Western,M,60 to 69,9814,3835,39.08
2001-01-01T00:00:00.000,Zone 1 - Western,M,70 to 79,6552,3310,50.52
2001-01-01T00:00:00.000,Zone 1 - Western,M,80 +,3584,1873,52.26
2002-01-01T00:00:00.000,Zone 4 - Central,F,20 to 29,30258,414,1.37
2002-01-01T00:00:00.000,Zone 4 - Central,F,30 to 39,33899,1634,4.82
2002-01-01T00:00:00.000,Zone 4 - Central,F,40 to 49,34838,4165,11.96
2002-01-01T00:00:00.000,Zone 4 - Central,F,50 to 59,26205,7576,28.91
2002-01-01T00:00:00.000,Zone 4 - Central,F,60 to 69,15863,7817,49.28
2002-01-01T00:00:00.000,Zone 4 - Central,F,70 to 79,12145,7942,65.39
2002-01-01T00:00:00.000,Zone 4 - Central,F,80 +,9050,6469,71.48
2002-01-01T00:00:00.000,Zone 4 - Central,M,20 to 29,28497,366,1.28
2002-01-01T00:00:00.000,Zone 4 - Central,M,30 to 39,30897,1414,4.58
2002-01-01T00:00:00.000,Zone 4 - Central,M,40 to 49,32471,3792,11.68
2002-01-01T00:00:00.000,Zone 4 - Central,M,50 to 59,24789,6669,26.90
2002-01-01T00:00:00.000,Zone 4 - Central,M,60 to 69,14870,6624,44.55
2002-01-01T00:00:00.000,Zone 4 - Central,M,70 to 79,9313,5458,58.61
2002-01-01T00:00:00.000,Zone 4 - Central,M,80 +,4498,2811,62.49
2002-01-01T00:00:00.000,Zone 3 - Eastern,F,20 to 29,10260,206,2.01
2002-01-01T00:00:00.000,Zone 3 - Eastern,F,30 to 39,11819,836,7.07
2002-01-01T00:00:00.000,Zone 3 - Eastern,F,40 to 49,15360,2487,16.19
2002-01-01T00:00:00.000,Zone 3 - Eastern,F,50 to 59,13118,4517,34.43
2002-01-01T00:00:00.000,Zone 3 - Eastern,F,60 to 69,8870,4673,52.68
2002-01-01T00:00:00.000,Zone 3 - Eastern,F,70 to 79,6780,4577,67.51
2002-01-01T00:00:00.000,Zone 3 - Eastern,F,80 +,5837,4178,71.58
2002-01-01T00:00:00.000,Zone 3 - Eastern,M,20 to 29,10498,161,1.53
2002-01-01T00:00:00.000,Zone 3 - Eastern,M,30 to 39,11609,720,6.20
2002-01-01T00:00:00.000,Zone 3 - Eastern,M,40 to 49,15022,2228,14.83
2002-01-01T00:00:00.000,Zone 3 - Eastern,M,50 to 59,13492,4030,29.87
2002-01-01T00:00:00.000,Zone 3 - Eastern,M,60 to 69,8727,4044,46.34
2002-01-01T00:00:00.000,Zone 3 - Eastern,M,70 to 79,5533,3258,58.88
2002-01-01T00:00:00.000,Zone 3 - Eastern,M,80 +,2891,1802,62.33
2002-01-01T00:00:00.000,Zone 2 - Northern,F,20 to 29,9584,186,1.94
2002-01-01T00:00:00.000,Zone 2 - Northern,F,30 to 39,11382,757,6.65
2002-01-01T00:00:00.000,Zone 2 - Northern,F,40 to 49,13209,2044,15.47
2002-01-01T00:00:00.000,Zone 2 - Northern,F,50 to 59,10774,3569,33.13
2002-01-01T00:00:00.000,Zone 2 - Northern,F,60 to 69,7197,3760,52.24
2002-01-01T00:00:00.000,Zone 2 - Northern,F,70 to 79,5700,3843,67.42
2002-01-01T00:00:00.000,Zone 2 - Northern,F,80 +,4729,3420,72.32
2002-01-01T00:00:00.000,Zone 2 - Northern,M,20 to 29,9489,133,1.40
2002-01-01T00:00:00.000,Zone 2 - Northern,M,30 to 39,11290,732,6.48
2002-01-01T00:00:00.000,Zone 2 - Northern,M,40 to 49,12864,1892,14.71
2002-01-01T00:00:00.000,Zone 2 - Northern,M,50 to 59,10923,3230,29.57
2002-01-01T00:00:00.000,Zone 2 - Northern,M,60 to 69,7045,3237,45.95
2002-01-01T00:00:00.000,Zone 2 - Northern,M,70 to 79,4554,2712,59.55
2002-01-01T00:00:00.000,Zone 2 - Northern,M,80 +,2429,1557,64.10
2002-01-01T00:00:00.000,Zone 1 - Western,F,20 to 29,11504,225,1.96
2002-01-01T00:00:00.000,Zone 1 - Western,F,30 to 39,14786,852,5.76
2002-01-01T00:00:00.000,Zone 1 - Western,F,40 to 49,18011,2310,12.83
2002-01-01T00:00:00.000,Zone 1 - Western,F,50 to 59,15198,4658,30.65
2002-01-01T00:00:00.000,Zone 1 - Western,F,60 to 69,10232,4901,47.90
2002-01-01T00:00:00.000,Zone 1 - Western,F,70 to 79,7825,4918,62.85
2002-01-01T00:00:00.000,Zone 1 - Western,F,80 +,6464,4332,67.02
2002-01-01T00:00:00.000,Zone 1 - Western,M,20 to 29,11431,149,1.30
2002-01-01T00:00:00.000,Zone 1 - Western,M,30 to 39,13995,686,4.90
2002-01-01T00:00:00.000,Zone 1 - Western,M,40 to 49,17264,2074,12.01
2002-01-01T00:00:00.000,Zone 1 - Western,M,50 to 59,15068,3963,26.30
2002-01-01T00:00:00.000,Zone 1 - Western,M,60 to 69,10140,4124,40.67
2002-01-01T00:00:00.000,Zone 1 - Western,M,70 to 79,6588,3471,52.69
2002-01-01T00:00:00.000,Zone 1 - Western,M,80 +,3685,2054,55.74
2003-01-01T00:00:00.000,Zone 4 - Central,F,20 to 29,30517,415,1.36
2003-01-01T00:00:00.000,Zone 4 - Central,F,30 to 39,33482,1710,5.11
2003-01-01T00:00:00.000,Zone 4 - Central,F,40 to 49,35571,4499,12.65
2003-01-01T00:00:00.000,Zone 4 - Central,F,50 to 59,27264,8084,29.65
2003-01-01T00:00:00.000,Zone 4 - Central,F,60 to 69,16419,8386,51.07
2003-01-01T00:00:00.000,Zone 4 - Central,F,70 to 79,12228,8232,67.32
2003-01-01T00:00:00.000,Zone 4 - Central,F,80 +,9301,6843,73.57
2003-01-01T00:00:00.000,Zone 4 - Central,M,20 to 29,29039,391,1.35
2003-01-01T00:00:00.000,Zone 4 - Central,M,30 to 39,30418,1456,4.79
2003-01-01T00:00:00.000,Zone 4 - Central,M,40 to 49,33438,4082,12.21
2003-01-01T00:00:00.000,Zone 4 - Central,M,50 to 59,25712,7158,27.84
2003-01-01T00:00:00.000,Zone 4 - Central,M,60 to 69,15440,7091,45.93
2003-01-01T00:00:00.000,Zone 4 - Central,M,70 to 79,9509,5793,60.92
2003-01-01T00:00:00.000,Zone 4 - Central,M,80 +,4629,2964,64.03
2003-01-01T00:00:00.000,Zone 3 - Eastern,F,20 to 29,10301,224,2.17
2003-01-01T00:00:00.000,Zone 3 - Eastern,F,30 to 39,11448,858,7.49
2003-01-01T00:00:00.000,Zone 3 - Eastern,F,40 to 49,15233,2542,16.69
2003-01-01T00:00:00.000,Zone 3 - Eastern,F,50 to 59,13489,4864,36.06
2003-01-01T00:00:00.000,Zone 3 - Eastern,F,60 to 69,9129,4975,54.50
2003-01-01T00:00:00.000,Zone 3 - Eastern,F,70 to 79,6778,4734,69.84
2003-01-01T00:00:00.000,Zone 3 - Eastern,F,80 +,5842,4334,74.19
2003-01-01T00:00:00.000,Zone 3 - Eastern,M,20 to 29,10553,158,1.50
2003-01-01T00:00:00.000,Zone 3 - Eastern,M,30 to 39,11253,753,6.69
2003-01-01T00:00:00.000,Zone 3 - Eastern,M,40 to 49,14849,2280,15.35
2003-01-01T00:00:00.000,Zone 3 - Eastern,M,50 to 59,13890,4295,30.92
2003-01-01T00:00:00.000,Zone 3 - Eastern,M,60 to 69,9043,4443,49.13
2003-01-01T00:00:00.000,Zone 3 - Eastern,M,70 to 79,5516,3402,61.68
2003-01-01T00:00:00.000,Zone 3 - Eastern,M,80 +,2952,1924,65.18
2003-01-01T00:00:00.000,Zone 2 - Northern,F,20 to 29,9493,182,1.92
2003-01-01T00:00:00.000,Zone 2 - Northern,F,30 to 39,11166,792,7.09
2003-01-01T00:00:00.000,Zone 2 - Northern,F,40 to 49,13257,2161,16.30
2003-01-01T00:00:00.000,Zone 2 - Northern,F,50 to 59,11186,3810,34.06
2003-01-01T00:00:00.000,Zone 2 - Northern,F,60 to 69,7432,3992,53.71
2003-01-01T00:00:00.000,Zone 2 - Northern,F,70 to 79,5691,3934,69.13
2003-01-01T00:00:00.000,Zone 2 - Northern,F,80 +,4733,3537,74.73
2003-01-01T00:00:00.000,Zone 2 - Northern,M,20 to 29,9395,138,1.47
2003-01-01T00:00:00.000,Zone 2 - Northern,M,30 to 39,10982,732,6.67
2003-01-01T00:00:00.000,Zone 2 - Northern,M,40 to 49,12959,1954,15.08
2003-01-01T00:00:00.000,Zone 2 - Northern,M,50 to 59,11250,3440,30.58
2003-01-01T00:00:00.000,Zone 2 - Northern,M,60 to 69,7324,3472,47.41
2003-01-01T00:00:00.000,Zone 2 - Northern,M,70 to 79,4620,2875,62.23
2003-01-01T00:00:00.000,Zone 2 - Northern,M,80 +,2449,1653,67.50
2003-01-01T00:00:00.000,Zone 1 - Western,F,20 to 29,11487,237,2.06
2003-01-01T00:00:00.000,Zone 1 - Western,F,30 to 39,14097,864,6.13
2003-01-01T00:00:00.000,Zone 1 - Western,F,40 to 49,18275,2518,13.78
2003-01-01T00:00:00.000,Zone 1 - Western,F,50 to 59,15616,4932,31.58
2003-01-01T00:00:00.000,Zone 1 - Western,F,60 to 69,10612,5241,49.39
2003-01-01T00:00:00.000,Zone 1 - Western,F,70 to 79,7861,5128,65.23
2003-01-01T00:00:00.000,Zone 1 - Western,F,80 +,6555,4564,69.63
2003-01-01T00:00:00.000,Zone 1 - Western,M,20 to 29,11386,146,1.28
2003-01-01T00:00:00.000,Zone 1 - Western,M,30 to 39,13485,728,5.40
2003-01-01T00:00:00.000,Zone 1 - Western,M,40 to 49,17447,2214,12.69
2003-01-01T00:00:00.000,Zone 1 - Western,M,50 to 59,15459,4270,27.62
2003-01-01T00:00:00.000,Zone 1 - Western,M,60 to 69,10463,4438,42.42
2003-01-01T00:00:00.000,Zone 1 - Western,M,70 to 79,6719,3728,55.48
2003-01-01T00:00:00.000,Zone 1 - Western,M,80 +,3758,2214,58.91
2004-01-01T00:00:00.000,Zone 4 - Central,F,20 to 29,30960,429,1.39
2004-01-01T00:00:00.000,Zone 4 - Central,F,30 to 39,32956,1813,5.50
2004-01-01T00:00:00.000,Zone 4 - Central,F,40 to 49,36142,4737,13.11
2004-01-01T00:00:00.000,Zone 4 - Central,F,50 to 59,28313,8625,30.46
2004-01-01T00:00:00.000,Zone 4 - Central,F,60 to 69,17077,8914,52.20
2004-01-01T00:00:00.000,Zone 4 - Central,F,70 to 79,12313,8477,68.85
2004-01-01T00:00:00.000,Zone 4 - Central,F,80 +,9496,7170,75.51
2004-01-01T00:00:00.000,Zone 4 - Central,M,20 to 29,29548,387,1.31
2004-01-01T00:00:00.000,Zone 4 - Central,M,30 to 39,30042,1474,4.91
2004-01-01T00:00:00.000,Zone 4 - Central,M,40 to 49,34094,4325,12.69
2004-01-01T00:00:00.000,Zone 4 - Central,M,50 to 59,26638,7684,28.85
2004-01-01T00:00:00.000,Zone 4 - Central,M,60 to 69,16026,7585,47.33
2004-01-01T00:00:00.000,Zone 4 - Central,M,70 to 79,9737,6127,62.92
2004-01-01T00:00:00.000,Zone 4 - Central,M,80 +,4776,3163,66.23
2004-01-01T00:00:00.000,Zone 3 - Eastern,F,20 to 29,10205,214,2.10
2004-01-01T00:00:00.000,Zone 3 - Eastern,F,30 to 39,11085,906,8.17
2004-01-01T00:00:00.000,Zone 3 - Eastern,F,40 to 49,15113,2662,17.61
2004-01-01T00:00:00.000,Zone 3 - Eastern,F,50 to 59,13931,5076,36.44
2004-01-01T00:00:00.000,Zone 3 - Eastern,F,60 to 69,9460,5350,56.55
2004-01-01T00:00:00.000,Zone 3 - Eastern,F,70 to 79,6740,4831,71.68
2004-01-01T00:00:00.000,Zone 3 - Eastern,F,80 +,5891,4507,76.51
2004-01-01T00:00:00.000,Zone 3 - Eastern,M,20 to 29,10535,154,1.46
2004-01-01T00:00:00.000,Zone 3 - Eastern,M,30 to 39,10998,786,7.15
2004-01-01T00:00:00.000,Zone 3 - Eastern,M,40 to 49,14586,2343,16.06
2004-01-01T00:00:00.000,Zone 3 - Eastern,M,50 to 59,14405,4661,32.36
2004-01-01T00:00:00.000,Zone 3 - Eastern,M,60 to 69,9270,4708,50.79
2004-01-01T00:00:00.000,Zone 3 - Eastern,M,70 to 79,5562,3540,63.65
2004-01-01T00:00:00.000,Zone 3 - Eastern,M,80 +,3016,2055,68.14
2004-01-01T00:00:00.000,Zone 2 - Northern,F,20 to 29,9366,191,2.04
2004-01-01T00:00:00.000,Zone 2 - Northern,F,30 to 39,10906,795,7.29
2004-01-01T00:00:00.000,Zone 2 - Northern,F,40 to 49,13264,2229,16.80
2004-01-01T00:00:00.000,Zone 2 - Northern,F,50 to 59,11690,4137,35.39
2004-01-01T00:00:00.000,Zone 2 - Northern,F,60 to 69,7600,4191,55.14
2004-01-01T00:00:00.000,Zone 2 - Northern,F,70 to 79,5646,4002,70.88
2004-01-01T00:00:00.000,Zone 2 - Northern,F,80 +,4858,3761,77.42
2004-01-01T00:00:00.000,Zone 2 - Northern,M,20 to 29,9434,143,1.52
2004-01-01T00:00:00.000,Zone 2 - Northern,M,30 to 39,10584,720,6.80
2004-01-01T00:00:00.000,Zone 2 - Northern,M,40 to 49,13102,2112,16.12
2004-01-01T00:00:00.000,Zone 2 - Northern,M,50 to 59,11614,3665,31.56
2004-01-01T00:00:00.000,Zone 2 - Northern,M,60 to 69,7626,3787,49.66
2004-01-01T00:00:00.000,Zone 2 - Northern,M,70 to 79,4656,3021,64.88
2004-01-01T00:00:00.000,Zone 2 - Northern,M,80 +,2527,1751,69.29
2004-01-01T00:00:00.000,Zone 1 - Western,F,20 to 29,11445,225,1.97
2004-01-01T00:00:00.000,Zone 1 - Western,F,30 to 39,13624,875,6.42
2004-01-01T00:00:00.000,Zone 1 - Western,F,40 to 49,18361,2657,14.47
2004-01-01T00:00:00.000,Zone 1 - Western,F,50 to 59,16166,5216,32.27
2004-01-01T00:00:00.000,Zone 1 - Western,F,60 to 69,10928,5512,50.44
2004-01-01T00:00:00.000,Zone 1 - Western,F,70 to 79,7915,5315,67.15
2004-01-01T00:00:00.000,Zone 1 - Western,F,80 +,6590,4706,71.41
2004-01-01T00:00:00.000,Zone 1 - Western,M,20 to 29,11285,161,1.43
2004-01-01T00:00:00.000,Zone 1 - Western,M,30 to 39,13048,705,5.40
2004-01-01T00:00:00.000,Zone 1 - Western,M,40 to 49,17478,2380,13.62
2004-01-01T00:00:00.000,Zone 1 - Western,M,50 to 59,15903,4611,28.99
2004-01-01T00:00:00.000,Zone 1 - Western,M,60 to 69,10817,4757,43.98
2004-01-01T00:00:00.000,Zone 1 - Western,M,70 to 79,6828,3937,57.66
2004-01-01T00:00:00.000,Zone 1 - Western,M,80 +,3800,2305,60.66
2005-01-01T00:00:00.000,Zone 4 - Central,F,20 to 29,31133,438,1.41
2005-01-01T00:00:00.000,Zone 4 - Central,F,30 to 39,32872,1847,5.62
2005-01-01T00:00:00.000,Zone 4 - Central,F,40 to 49,36288,4967,13.69
2005-01-01T00:00:00.000,Zone 4 - Central,F,50 to 59,29470,9243,31.36
2005-01-01T00:00:00.000,Zone 4 - Central,F,60 to 69,17830,9486,53.20
2005-01-01T00:00:00.000,Zone 4 - Central,F,70 to 79,12268,8647,70.48
2005-01-01T00:00:00.000,Zone 4 - Central,F,80 +,9698,7447,76.79
2005-01-01T00:00:00.000,Zone 4 - Central,M,20 to 29,29850,422,1.41
2005-01-01T00:00:00.000,Zone 4 - Central,M,30 to 39,29913,1542,5.15
2005-01-01T00:00:00.000,Zone 4 - Central,M,40 to 49,34439,4625,13.43
2005-01-01T00:00:00.000,Zone 4 - Central,M,50 to 59,27554,8158,29.61
2005-01-01T00:00:00.000,Zone 4 - Central,M,60 to 69,16760,8141,48.57
2005-01-01T00:00:00.000,Zone 4 - Central,M,70 to 79,9986,6453,64.62
2005-01-01T00:00:00.000,Zone 4 - Central,M,80 +,4907,3364,68.56
2005-01-01T00:00:00.000,Zone 3 - Eastern,F,20 to 29,10167,210,2.07
2005-01-01T00:00:00.000,Zone 3 - Eastern,F,30 to 39,10826,958,8.85
2005-01-01T00:00:00.000,Zone 3 - Eastern,F,40 to 49,14917,2763,18.52
2005-01-01T00:00:00.000,Zone 3 - Eastern,F,50 to 59,14316,5387,37.63
2005-01-01T00:00:00.000,Zone 3 - Eastern,F,60 to 69,9734,5651,58.05
2005-01-01T00:00:00.000,Zone 3 - Eastern,F,70 to 79,6757,4941,73.12
2005-01-01T00:00:00.000,Zone 3 - Eastern,F,80 +,5893,4663,79.13
2005-01-01T00:00:00.000,Zone 3 - Eastern,M,20 to 29,10468,172,1.64
2005-01-01T00:00:00.000,Zone 3 - Eastern,M,30 to 39,10788,800,7.42
2005-01-01T00:00:00.000,Zone 3 - Eastern,M,40 to 49,14345,2463,17.17
2005-01-01T00:00:00.000,Zone 3 - Eastern,M,50 to 59,14658,4913,33.52
2005-01-01T00:00:00.000,Zone 3 - Eastern,M,60 to 69,9548,5001,52.38
2005-01-01T00:00:00.000,Zone 3 - Eastern,M,70 to 79,5678,3716,65.45
2005-01-01T00:00:00.000,Zone 3 - Eastern,M,80 +,3033,2157,71.12
2005-01-01T00:00:00.000,Zone 2 - Northern,F,20 to 29,9363,209,2.23
2005-01-01T00:00:00.000,Zone 2 - Northern,F,30 to 39,10629,801,7.54
2005-01-01T00:00:00.000,Zone 2 - Northern,F,40 to 49,13289,2297,17.28
2005-01-01T00:00:00.000,Zone 2 - Northern,F,50 to 59,11998,4329,36.08
2005-01-01T00:00:00.000,Zone 2 - Northern,F,60 to 69,7847,4415,56.26
2005-01-01T00:00:00.000,Zone 2 - Northern,F,70 to 79,5670,4072,71.82
2005-01-01T00:00:00.000,Zone 2 - Northern,F,80 +,4920,3921,79.70
2005-01-01T00:00:00.000,Zone 2 - Northern,M,20 to 29,9376,151,1.61
2005-01-01T00:00:00.000,Zone 2 - Northern,M,30 to 39,10364,728,7.02
2005-01-01T00:00:00.000,Zone 2 - Northern,M,40 to 49,13020,2210,16.97
2005-01-01T00:00:00.000,Zone 2 - Northern,M,50 to 59,11936,3901,32.68
2005-01-01T00:00:00.000,Zone 2 - Northern,M,60 to 69,7846,4005,51.05
2005-01-01T00:00:00.000,Zone 2 - Northern,M,70 to 79,4740,3121,65.84
2005-01-01T00:00:00.000,Zone 2 - Northern,M,80 +,2579,1822,70.65
2005-01-01T00:00:00.000,Zone 1 - Western,F,20 to 29,11422,216,1.89
2005-01-01T00:00:00.000,Zone 1 - Western,F,30 to 39,13207,884,6.69
2005-01-01T00:00:00.000,Zone 1 - Western,F,40 to 49,18283,2836,15.51
2005-01-01T00:00:00.000,Zone 1 - Western,F,50 to 59,16574,5450,32.88
2005-01-01T00:00:00.000,Zone 1 - Western,F,60 to 69,11366,5852,51.49
2005-01-01T00:00:00.000,Zone 1 - Western,F,70 to 79,7933,5460,68.83
2005-01-01T00:00:00.000,Zone 1 - Western,F,80 +,6631,4897,73.85
2005-01-01T00:00:00.000,Zone 1 - Western,M,20 to 29,11263,160,1.42
2005-01-01T00:00:00.000,Zone 1 - Western,M,30 to 39,12720,747,5.87
2005-01-01T00:00:00.000,Zone 1 - Western,M,40 to 49,17350,2511,14.47
2005-01-01T00:00:00.000,Zone 1 - Western,M,50 to 59,16253,4876,30.00
2005-01-01T00:00:00.000,Zone 1 - Western,M,60 to 69,11181,5133,45.91
2005-01-01T00:00:00.000,Zone 1 - Western,M,70 to 79,6976,4105,58.84
2005-01-01T00:00:00.000,Zone 1 - Western,M,80 +,3886,2478,63.77
2006-01-01T00:00:00.000,Zone 4 - Central,F,20 to 29,31567,459,1.45
2006-01-01T00:00:00.000,Zone 4 - Central,F,30 to 39,32853,1871,5.70
2006-01-01T00:00:00.000,Zone 4 - Central,F,40 to 49,36468,5163,14.16
2006-01-01T00:00:00.000,Zone 4 - Central,F,50 to 59,30083,9458,31.44
2006-01-01T00:00:00.000,Zone 4 - Central,F,60 to 69,19090,10146,53.15
2006-01-01T00:00:00.000,Zone 4 - Central,F,70 to 79,12283,8823,71.83
2006-01-01T00:00:00.000,Zone 4 - Central,F,80 +,10042,7840,78.07
2006-01-01T00:00:00.000,Zone 4 - Central,M,20 to 29,30204,436,1.44
2006-01-01T00:00:00.000,Zone 4 - Central,M,30 to 39,29928,1610,5.38
2006-01-01T00:00:00.000,Zone 4 - Central,M,40 to 49,34646,4809,13.88
2006-01-01T00:00:00.000,Zone 4 - Central,M,50 to 59,28278,8536,30.19
2006-01-01T00:00:00.000,Zone 4 - Central,M,60 to 69,17891,8869,49.57
2006-01-01T00:00:00.000,Zone 4 - Central,M,70 to 79,10261,6780,66.08
2006-01-01T00:00:00.000,Zone 4 - Central,M,80 +,5077,3602,70.95
2006-01-01T00:00:00.000,Zone 3 - Eastern,F,20 to 29,10069,225,2.23
2006-01-01T00:00:00.000,Zone 3 - Eastern,F,30 to 39,10552,935,8.86
2006-01-01T00:00:00.000,Zone 3 - Eastern,F,40 to 49,14594,2815,19.29
2006-01-01T00:00:00.000,Zone 3 - Eastern,F,50 to 59,14484,5526,38.15
2006-01-01T00:00:00.000,Zone 3 - Eastern,F,60 to 69,10215,5962,58.37
2006-01-01T00:00:00.000,Zone 3 - Eastern,F,70 to 79,6885,5132,74.54
2006-01-01T00:00:00.000,Zone 3 - Eastern,F,80 +,5925,4756,80.27
2006-01-01T00:00:00.000,Zone 3 - Eastern,M,20 to 29,10360,175,1.69
2006-01-01T00:00:00.000,Zone 3 - Eastern,M,30 to 39,10496,809,7.71
2006-01-01T00:00:00.000,Zone 3 - Eastern,M,40 to 49,14006,2501,17.86
2006-01-01T00:00:00.000,Zone 3 - Eastern,M,50 to 59,14766,5078,34.39
2006-01-01T00:00:00.000,Zone 3 - Eastern,M,60 to 69,10124,5454,53.87
2006-01-01T00:00:00.000,Zone 3 - Eastern,M,70 to 79,5778,3867,66.93
2006-01-01T00:00:00.000,Zone 3 - Eastern,M,80 +,3018,2190,72.56
2006-01-01T00:00:00.000,Zone 2 - Northern,F,20 to 29,9228,201,2.18
2006-01-01T00:00:00.000,Zone 2 - Northern,F,30 to 39,10526,795,7.55
2006-01-01T00:00:00.000,Zone 2 - Northern,F,40 to 49,13158,2292,17.42
2006-01-01T00:00:00.000,Zone 2 - Northern,F,50 to 59,12156,4379,36.02
2006-01-01T00:00:00.000,Zone 2 - Northern,F,60 to 69,8299,4738,57.09
2006-01-01T00:00:00.000,Zone 2 - Northern,F,70 to 79,5721,4123,72.07
2006-01-01T00:00:00.000,Zone 2 - Northern,F,80 +,4968,4025,81.02
2006-01-01T00:00:00.000,Zone 2 - Northern,M,20 to 29,9188,169,1.84
2006-01-01T00:00:00.000,Zone 2 - Northern,M,30 to 39,10264,733,7.14
2006-01-01T00:00:00.000,Zone 2 - Northern,M,40 to 49,12842,2262,17.61
2006-01-01T00:00:00.000,Zone 2 - Northern,M,50 to 59,12087,4030,33.34
2006-01-01T00:00:00.000,Zone 2 - Northern,M,60 to 69,8363,4367,52.22
2006-01-01T00:00:00.000,Zone 2 - Northern,M,70 to 79,4846,3256,67.19
2006-01-01T00:00:00.000,Zone 2 - Northern,M,80 +,2633,1920,72.92
2006-01-01T00:00:00.000,Zone 1 - Western,F,20 to 29,11370,220,1.93
2006-01-01T00:00:00.000,Zone 1 - Western,F,30 to 39,12985,899,6.92
2006-01-01T00:00:00.000,Zone 1 - Western,F,40 to 49,17918,2882,16.08
2006-01-01T00:00:00.000,Zone 1 - Western,F,50 to 59,16770,5578,33.26
2006-01-01T00:00:00.000,Zone 1 - Western,F,60 to 69,12090,6377,52.75
2006-01-01T00:00:00.000,Zone 1 - Western,F,70 to 79,7989,5590,69.97
2006-01-01T00:00:00.000,Zone 1 - Western,F,80 +,6719,5087,75.71
2006-01-01T00:00:00.000,Zone 1 - Western,M,20 to 29,11137,169,1.52
2006-01-01T00:00:00.000,Zone 1 - Western,M,30 to 39,12441,785,6.31
2006-01-01T00:00:00.000,Zone 1 - Western,M,40 to 49,17103,2591,15.15
2006-01-01T00:00:00.000,Zone 1 - Western,M,50 to 59,16385,5083,31.02
2006-01-01T00:00:00.000,Zone 1 - Western,M,60 to 69,11802,5603,47.48
2006-01-01T00:00:00.000,Zone 1 - Western,M,70 to 79,7143,4317,60.44
2006-01-01T00:00:00.000,Zone 1 - Western,M,80 +,3954,2618,66.21
2007-01-01T00:00:00.000,Zone 4 - Central,F,20 to 29,31630,441,1.39
2007-01-01T00:00:00.000,Zone 4 - Central,F,30 to 39,32760,1883,5.75
2007-01-01T00:00:00.000,Zone 4 - Central,F,40 to 49,36431,5264,14.45
2007-01-01T00:00:00.000,Zone 4 - Central,F,50 to 59,30559,9573,31.33
2007-01-01T00:00:00.000,Zone 4 - Central,F,60 to 69,20424,10908,53.41
2007-01-01T00:00:00.000,Zone 4 - Central,F,70 to 79,12401,8978,72.40
2007-01-01T00:00:00.000,Zone 4 - Central,F,80 +,10208,8152,79.86
2007-01-01T00:00:00.000,Zone 4 - Central,M,20 to 29,30158,450,1.49
2007-01-01T00:00:00.000,Zone 4 - Central,M,30 to 39,29844,1634,5.48
2007-01-01T00:00:00.000,Zone 4 - Central,M,40 to 49,34316,4886,14.24
2007-01-01T00:00:00.000,Zone 4 - Central,M,50 to 59,28922,8858,30.63
2007-01-01T00:00:00.000,Zone 4 - Central,M,60 to 69,19065,9633,50.53
2007-01-01T00:00:00.000,Zone 4 - Central,M,70 to 79,10490,7078,67.47
2007-01-01T00:00:00.000,Zone 4 - Central,M,80 +,5232,3821,73.03
2007-01-01T00:00:00.000,Zone 3 - Eastern,F,20 to 29,9902,202,2.04
2007-01-01T00:00:00.000,Zone 3 - Eastern,F,30 to 39,10302,928,9.01
2007-01-01T00:00:00.000,Zone 3 - Eastern,F,40 to 49,14060,2814,20.01
2007-01-01T00:00:00.000,Zone 3 - Eastern,F,50 to 59,14665,5581,38.06
2007-01-01T00:00:00.000,Zone 3 - Eastern,F,60 to 69,10759,6384,59.34
2007-01-01T00:00:00.000,Zone 3 - Eastern,F,70 to 79,6914,5239,75.77
2007-01-01T00:00:00.000,Zone 3 - Eastern,F,80 +,5940,4871,82.00
2007-01-01T00:00:00.000,Zone 3 - Eastern,M,20 to 29,10202,182,1.78
2007-01-01T00:00:00.000,Zone 3 - Eastern,M,30 to 39,10176,831,8.17
2007-01-01T00:00:00.000,Zone 3 - Eastern,M,40 to 49,13554,2527,18.64
2007-01-01T00:00:00.000,Zone 3 - Eastern,M,50 to 59,14728,5215,35.41
2007-01-01T00:00:00.000,Zone 3 - Eastern,M,60 to 69,10651,5862,55.04
2007-01-01T00:00:00.000,Zone 3 - Eastern,M,70 to 79,5927,4051,68.35
2007-01-01T00:00:00.000,Zone 3 - Eastern,M,80 +,3066,2260,73.71
2007-01-01T00:00:00.000,Zone 2 - Northern,F,20 to 29,9145,193,2.11
2007-01-01T00:00:00.000,Zone 2 - Northern,F,30 to 39,10405,800,7.69
2007-01-01T00:00:00.000,Zone 2 - Northern,F,40 to 49,12872,2287,17.77
2007-01-01T00:00:00.000,Zone 2 - Northern,F,50 to 59,12337,4404,35.70
2007-01-01T00:00:00.000,Zone 2 - Northern,F,60 to 69,8844,5067,57.29
2007-01-01T00:00:00.000,Zone 2 - Northern,F,70 to 79,5741,4199,73.14
2007-01-01T00:00:00.000,Zone 2 - Northern,F,80 +,5017,4120,82.12
2007-01-01T00:00:00.000,Zone 2 - Northern,M,20 to 29,9003,174,1.93
2007-01-01T00:00:00.000,Zone 2 - Northern,M,30 to 39,10057,726,7.22
2007-01-01T00:00:00.000,Zone 2 - Northern,M,40 to 49,12553,2227,17.74
2007-01-01T00:00:00.000,Zone 2 - Northern,M,50 to 59,12322,4205,34.13
2007-01-01T00:00:00.000,Zone 2 - Northern,M,60 to 69,8775,4697,53.53
2007-01-01T00:00:00.000,Zone 2 - Northern,M,70 to 79,4966,3375,67.96
2007-01-01T00:00:00.000,Zone 2 - Northern,M,80 +,2675,2015,75.33
2007-01-01T00:00:00.000,Zone 1 - Western,F,20 to 29,11201,218,1.95
2007-01-01T00:00:00.000,Zone 1 - Western,F,30 to 39,12669,913,7.21
2007-01-01T00:00:00.000,Zone 1 - Western,F,40 to 49,17471,2874,16.45
2007-01-01T00:00:00.000,Zone 1 - Western,F,50 to 59,16971,5606,33.03
2007-01-01T00:00:00.000,Zone 1 - Western,F,60 to 69,12779,6775,53.02
2007-01-01T00:00:00.000,Zone 1 - Western,F,70 to 79,8159,5783,70.88
2007-01-01T00:00:00.000,Zone 1 - Western,F,80 +,6744,5256,77.94
2007-01-01T00:00:00.000,Zone 1 - Western,M,20 to 29,10929,172,1.57
2007-01-01T00:00:00.000,Zone 1 - Western,M,30 to 39,12121,791,6.53
2007-01-01T00:00:00.000,Zone 1 - Western,M,40 to 49,16600,2638,15.89
2007-01-01T00:00:00.000,Zone 1 - Western,M,50 to 59,16611,5272,31.74
2007-01-01T00:00:00.000,Zone 1 - Western,M,60 to 69,12445,5976,48.02
2007-01-01T00:00:00.000,Zone 1 - Western,M,70 to 79,7310,4570,62.52
2007-01-01T00:00:00.000,Zone 1 - Western,M,80 +,4044,2763,68.32
2008-01-01T00:00:00.000,Zone 4 - Central,F,20 to 29,31993,412,1.29
2008-01-01T00:00:00.000,Zone 4 - Central,F,30 to 39,32803,1877,5.72
2008-01-01T00:00:00.000,Zone 4 - Central,F,40 to 49,36204,5296,14.63
2008-01-01T00:00:00.000,Zone 4 - Central,F,50 to 59,31445,9771,31.07
2008-01-01T00:00:00.000,Zone 4 - Central,F,60 to 69,21523,11498,53.42
2008-01-01T00:00:00.000,Zone 4 - Central,F,70 to 79,12647,9255,73.18
2008-01-01T00:00:00.000,Zone 4 - Central,F,80 +,10384,8449,81.37
2008-01-01T00:00:00.000,Zone 4 - Central,M,20 to 29,30649,458,1.49
2008-01-01T00:00:00.000,Zone 4 - Central,M,30 to 39,29991,1697,5.66
2008-01-01T00:00:00.000,Zone 4 - Central,M,40 to 49,34284,5005,14.60
2008-01-01T00:00:00.000,Zone 4 - Central,M,50 to 59,29688,9104,30.67
2008-01-01T00:00:00.000,Zone 4 - Central,M,60 to 69,20048,10255,51.15
2008-01-01T00:00:00.000,Zone 4 - Central,M,70 to 79,10810,7453,68.95
2008-01-01T00:00:00.000,Zone 4 - Central,M,80 +,5434,4074,74.97
2008-01-01T00:00:00.000,Zone 3 - Eastern,F,20 to 29,9795,194,1.98
2008-01-01T00:00:00.000,Zone 3 - Eastern,F,30 to 39,10158,902,8.88
2008-01-01T00:00:00.000,Zone 3 - Eastern,F,40 to 49,13655,2815,20.62
2008-01-01T00:00:00.000,Zone 3 - Eastern,F,50 to 59,14841,5682,38.29
2008-01-01T00:00:00.000,Zone 3 - Eastern,F,60 to 69,11202,6715,59.94
2008-01-01T00:00:00.000,Zone 3 - Eastern,F,70 to 79,7033,5393,76.68
2008-01-01T00:00:00.000,Zone 3 - Eastern,F,80 +,5978,4999,83.62
2008-01-01T00:00:00.000,Zone 3 - Eastern,M,20 to 29,10148,175,1.72
2008-01-01T00:00:00.000,Zone 3 - Eastern,M,30 to 39,10075,835,8.29
2008-01-01T00:00:00.000,Zone 3 - Eastern,M,40 to 49,13221,2541,19.22
2008-01-01T00:00:00.000,Zone 3 - Eastern,M,50 to 59,14755,5318,36.04
2008-01-01T00:00:00.000,Zone 3 - Eastern,M,60 to 69,11089,6206,55.97
2008-01-01T00:00:00.000,Zone 3 - Eastern,M,70 to 79,6104,4318,70.74
2008-01-01T00:00:00.000,Zone 3 - Eastern,M,80 +,3116,2347,75.32
2008-01-01T00:00:00.000,Zone 2 - Northern,F,20 to 29,9029,187,2.07
2008-01-01T00:00:00.000,Zone 2 - Northern,F,30 to 39,10331,806,7.80
2008-01-01T00:00:00.000,Zone 2 - Northern,F,40 to 49,12641,2315,18.31
2008-01-01T00:00:00.000,Zone 2 - Northern,F,50 to 59,12511,4487,35.86
2008-01-01T00:00:00.000,Zone 2 - Northern,F,60 to 69,9222,5299,57.46
2008-01-01T00:00:00.000,Zone 2 - Northern,F,70 to 79,5901,4362,73.92
2008-01-01T00:00:00.000,Zone 2 - Northern,F,80 +,5081,4230,83.25
2008-01-01T00:00:00.000,Zone 2 - Northern,M,20 to 29,8954,179,2.00
2008-01-01T00:00:00.000,Zone 2 - Northern,M,30 to 39,9932,731,7.36
2008-01-01T00:00:00.000,Zone 2 - Northern,M,40 to 49,12437,2273,18.28
2008-01-01T00:00:00.000,Zone 2 - Northern,M,50 to 59,12428,4345,34.96
2008-01-01T00:00:00.000,Zone 2 - Northern,M,60 to 69,9187,5025,54.70
2008-01-01T00:00:00.000,Zone 2 - Northern,M,70 to 79,5102,3531,69.21
2008-01-01T00:00:00.000,Zone 2 - Northern,M,80 +,2758,2105,76.32
2008-01-01T00:00:00.000,Zone 1 - Western,F,20 to 29,11164,196,1.76
2008-01-01T00:00:00.000,Zone 1 - Western,F,30 to 39,12381,941,7.60
2008-01-01T00:00:00.000,Zone 1 - Western,F,40 to 49,17146,2906,16.95
2008-01-01T00:00:00.000,Zone 1 - Western,F,50 to 59,17208,5679,33.00
2008-01-01T00:00:00.000,Zone 1 - Western,F,60 to 69,13385,7128,53.25
2008-01-01T00:00:00.000,Zone 1 - Western,F,70 to 79,8339,5986,71.78
2008-01-01T00:00:00.000,Zone 1 - Western,F,80 +,6879,5494,79.87
2008-01-01T00:00:00.000,Zone 1 - Western,M,20 to 29,10919,175,1.60
2008-01-01T00:00:00.000,Zone 1 - Western,M,30 to 39,11838,791,6.68
2008-01-01T00:00:00.000,Zone 1 - Western,M,40 to 49,16255,2666,16.40
2008-01-01T00:00:00.000,Zone 1 - Western,M,50 to 59,16774,5357,31.94
2008-01-01T00:00:00.000,Zone 1 - Western,M,60 to 69,13112,6534,49.83
2008-01-01T00:00:00.000,Zone 1 - Western,M,70 to 79,7477,4816,64.41
2008-01-01T00:00:00.000,Zone 1 - Western,M,80 +,4151,2941,70.85
2009-01-01T00:00:00.000,Zone 4 - Central,F,20 to 29,32328,396,1.22
2009-01-01T00:00:00.000,Zone 4 - Central,F,30 to 39,32789,1864,5.68
2009-01-01T00:00:00.000,Zone 4 - Central,F,40 to 49,36108,5386,14.92
2009-01-01T00:00:00.000,Zone 4 - Central,F,50 to 59,32339,10056,31.10
2009-01-01T00:00:00.000,Zone 4 - Central,F,60 to 69,22536,12056,53.50
2009-01-01T00:00:00.000,Zone 4 - Central,F,70 to 79,12910,9560,74.05
2009-01-01T00:00:00.000,Zone 4 - Central,F,80 +,10480,8664,82.67
2009-01-01T00:00:00.000,Zone 4 - Central,M,20 to 29,31232,450,1.44
2009-01-01T00:00:00.000,Zone 4 - Central,M,30 to 39,30101,1725,5.73
2009-01-01T00:00:00.000,Zone 4 - Central,M,40 to 49,34182,5145,15.05
2009-01-01T00:00:00.000,Zone 4 - Central,M,50 to 59,30437,9430,30.98
2009-01-01T00:00:00.000,Zone 4 - Central,M,60 to 69,21039,10947,52.03
2009-01-01T00:00:00.000,Zone 4 - Central,M,70 to 79,11066,7739,69.93
2009-01-01T00:00:00.000,Zone 4 - Central,M,80 +,5653,4359,77.11
2009-01-01T00:00:00.000,Zone 3 - Eastern,F,20 to 29,9792,184,1.88
2009-01-01T00:00:00.000,Zone 3 - Eastern,F,30 to 39,10040,913,9.09
2009-01-01T00:00:00.000,Zone 3 - Eastern,F,40 to 49,13300,2757,20.73
2009-01-01T00:00:00.000,Zone 3 - Eastern,F,50 to 59,14980,5769,38.51
2009-01-01T00:00:00.000,Zone 3 - Eastern,F,60 to 69,11528,6979,60.54
2009-01-01T00:00:00.000,Zone 3 - Eastern,F,70 to 79,7183,5522,76.88
2009-01-01T00:00:00.000,Zone 3 - Eastern,F,80 +,6018,5109,84.90
2009-01-01T00:00:00.000,Zone 3 - Eastern,M,20 to 29,10058,185,1.84
2009-01-01T00:00:00.000,Zone 3 - Eastern,M,30 to 39,10027,820,8.18
2009-01-01T00:00:00.000,Zone 3 - Eastern,M,40 to 49,12891,2577,19.99
2009-01-01T00:00:00.000,Zone 3 - Eastern,M,50 to 59,14713,5363,36.45
2009-01-01T00:00:00.000,Zone 3 - Eastern,M,60 to 69,11654,6674,57.27
2009-01-01T00:00:00.000,Zone 3 - Eastern,M,70 to 79,6278,4534,72.22
2009-01-01T00:00:00.000,Zone 3 - Eastern,M,80 +,3172,2435,76.77
2009-01-01T00:00:00.000,Zone 2 - Northern,F,20 to 29,8992,183,2.04
2009-01-01T00:00:00.000,Zone 2 - Northern,F,30 to 39,10190,814,7.99
2009-01-01T00:00:00.000,Zone 2 - Northern,F,40 to 49,12468,2329,18.68
2009-01-01T00:00:00.000,Zone 2 - Northern,F,50 to 59,12713,4608,36.25
2009-01-01T00:00:00.000,Zone 2 - Northern,F,60 to 69,9631,5588,58.02
2009-01-01T00:00:00.000,Zone 2 - Northern,F,70 to 79,5995,4483,74.78
2009-01-01T00:00:00.000,Zone 2 - Northern,F,80 +,5113,4319,84.47
2009-01-01T00:00:00.000,Zone 2 - Northern,M,20 to 29,9066,191,2.11
2009-01-01T00:00:00.000,Zone 2 - Northern,M,30 to 39,9818,737,7.51
2009-01-01T00:00:00.000,Zone 2 - Northern,M,40 to 49,12248,2344,19.14
2009-01-01T00:00:00.000,Zone 2 - Northern,M,50 to 59,12565,4521,35.98
2009-01-01T00:00:00.000,Zone 2 - Northern,M,60 to 69,9685,5439,56.16
2009-01-01T00:00:00.000,Zone 2 - Northern,M,70 to 79,5178,3683,71.13
2009-01-01T00:00:00.000,Zone 2 - Northern,M,80 +,2817,2173,77.14
2009-01-01T00:00:00.000,Zone 1 - Western,F,20 to 29,11109,187,1.68
2009-01-01T00:00:00.000,Zone 1 - Western,F,30 to 39,12230,951,7.78
2009-01-01T00:00:00.000,Zone 1 - Western,F,40 to 49,16664,2894,17.37
2009-01-01T00:00:00.000,Zone 1 - Western,F,50 to 59,17549,5772,32.89
2009-01-01T00:00:00.000,Zone 1 - Western,F,60 to 69,14014,7577,54.07
2009-01-01T00:00:00.000,Zone 1 - Western,F,70 to 79,8444,6103,72.28
2009-01-01T00:00:00.000,Zone 1 - Western,F,80 +,6969,5653,81.12
2009-01-01T00:00:00.000,Zone 1 - Western,M,20 to 29,10959,162,1.48
2009-01-01T00:00:00.000,Zone 1 - Western,M,30 to 39,11604,796,6.86
2009-01-01T00:00:00.000,Zone 1 - Western,M,40 to 49,15902,2729,17.16
2009-01-01T00:00:00.000,Zone 1 - Western,M,50 to 59,16934,5453,32.20
2009-01-01T00:00:00.000,Zone 1 - Western,M,60 to 69,13771,6933,50.34
2009-01-01T00:00:00.000,Zone 1 - Western,M,70 to 79,7671,5073,66.13
2009-01-01T00:00:00.000,Zone 1 - Western,M,80 +,4232,3078,72.73
2010-01-01T00:00:00.000,Zone 4 - Central,F,20 to 29,32908,377,1.15
2010-01-01T00:00:00.000,Zone 4 - Central,F,30 to 39,32843,1838,5.60
2010-01-01T00:00:00.000,Zone 4 - Central,F,40 to 49,36070,5348,14.83
2010-01-01T00:00:00.000,Zone 4 - Central,F,50 to 59,33258,10186,30.63
2010-01-01T00:00:00.000,Zone 4 - Central,F,60 to 69,23683,12610,53.24
2010-01-01T00:00:00.000,Zone 4 - Central,F,70 to 79,13166,9764,74.16
2010-01-01T00:00:00.000,Zone 4 - Central,F,80 +,10741,8954,83.36
2010-01-01T00:00:00.000,Zone 4 - Central,M,20 to 29,32287,472,1.46
2010-01-01T00:00:00.000,Zone 4 - Central,M,30 to 39,30263,1743,5.76
2010-01-01T00:00:00.000,Zone 4 - Central,M,40 to 49,34117,5128,15.03
2010-01-01T00:00:00.000,Zone 4 - Central,M,50 to 59,31319,9859,31.48
2010-01-01T00:00:00.000,Zone 4 - Central,M,60 to 69,22113,11590,52.41
2010-01-01T00:00:00.000,Zone 4 - Central,M,70 to 79,11339,7988,70.45
2010-01-01T00:00:00.000,Zone 4 - Central,M,80 +,5862,4578,78.10
2010-01-01T00:00:00.000,Zone 3 - Eastern,F,20 to 29,9789,169,1.73
2010-01-01T00:00:00.000,Zone 3 - Eastern,F,30 to 39,9989,903,9.04
2010-01-01T00:00:00.000,Zone 3 - Eastern,F,40 to 49,12794,2673,20.89
2010-01-01T00:00:00.000,Zone 3 - Eastern,F,50 to 59,15172,5795,38.20
2010-01-01T00:00:00.000,Zone 3 - Eastern,F,60 to 69,11998,7218,60.16
2010-01-01T00:00:00.000,Zone 3 - Eastern,F,70 to 79,7363,5724,77.74
2010-01-01T00:00:00.000,Zone 3 - Eastern,F,80 +,5958,5127,86.05
2010-01-01T00:00:00.000,Zone 3 - Eastern,M,20 to 29,10261,185,1.80
2010-01-01T00:00:00.000,Zone 3 - Eastern,M,30 to 39,9841,810,8.23
2010-01-01T00:00:00.000,Zone 3 - Eastern,M,40 to 49,12537,2536,20.23
2010-01-01T00:00:00.000,Zone 3 - Eastern,M,50 to 59,14797,5488,37.09
2010-01-01T00:00:00.000,Zone 3 - Eastern,M,60 to 69,12041,6977,57.94
2010-01-01T00:00:00.000,Zone 3 - Eastern,M,70 to 79,6477,4723,72.92
2010-01-01T00:00:00.000,Zone 3 - Eastern,M,80 +,3246,2539,78.22
2010-01-01T00:00:00.000,Zone 2 - Northern,F,20 to 29,9050,171,1.89
2010-01-01T00:00:00.000,Zone 2 - Northern,F,30 to 39,9998,793,7.93
2010-01-01T00:00:00.000,Zone 2 - Northern,F,40 to 49,12285,2299,18.71
2010-01-01T00:00:00.000,Zone 2 - Northern,F,50 to 59,12976,4721,36.38
2010-01-01T00:00:00.000,Zone 2 - Northern,F,60 to 69,10015,5787,57.78
2010-01-01T00:00:00.000,Zone 2 - Northern,F,70 to 79,6037,4544,75.27
2010-01-01T00:00:00.000,Zone 2 - Northern,F,80 +,5201,4423,85.04
2010-01-01T00:00:00.000,Zone 2 - Northern,M,20 to 29,9195,186,2.02
2010-01-01T00:00:00.000,Zone 2 - Northern,M,30 to 39,9661,732,7.58
2010-01-01T00:00:00.000,Zone 2 - Northern,M,40 to 49,12094,2371,19.60
2010-01-01T00:00:00.000,Zone 2 - Northern,M,50 to 59,12737,4614,36.23
2010-01-01T00:00:00.000,Zone 2 - Northern,M,60 to 69,10024,5624,56.11
2010-01-01T00:00:00.000,Zone 2 - Northern,M,70 to 79,5364,3874,72.22
2010-01-01T00:00:00.000,Zone 2 - Northern,M,80 +,2913,2307,79.20
2010-01-01T00:00:00.000,Zone 1 - Western,F,20 to 29,11228,184,1.64
2010-01-01T00:00:00.000,Zone 1 - Western,F,30 to 39,12007,951,7.92
2010-01-01T00:00:00.000,Zone 1 - Western,F,40 to 49,16204,2852,17.60
2010-01-01T00:00:00.000,Zone 1 - Western,F,50 to 59,17942,5866,32.69
2010-01-01T00:00:00.000,Zone 1 - Western,F,60 to 69,14642,7934,54.19
2010-01-01T00:00:00.000,Zone 1 - Western,F,70 to 79,8640,6262,72.48
2010-01-01T00:00:00.000,Zone 1 - Western,F,80 +,7096,5810,81.88
2010-01-01T00:00:00.000,Zone 1 - Western,M,20 to 29,11106,169,1.52
2010-01-01T00:00:00.000,Zone 1 - Western,M,30 to 39,11334,808,7.13
2010-01-01T00:00:00.000,Zone 1 - Western,M,40 to 49,15557,2707,17.40
2010-01-01T00:00:00.000,Zone 1 - Western,M,50 to 59,17292,5658,32.72
2010-01-01T00:00:00.000,Zone 1 - Western,M,60 to 69,14251,7247,50.85
2010-01-01T00:00:00.000,Zone 1 - Western,M,70 to 79,7977,5360,67.19
2010-01-01T00:00:00.000,Zone 1 - Western,M,80 +,4316,3213,74.44
2011-01-01T00:00:00.000,Zone 4 - Central,F,20 to 29,33273,363,1.09
2011-01-01T00:00:00.000,Zone 4 - Central,F,30 to 39,32938,1766,5.36
2011-01-01T00:00:00.000,Zone 4 - Central,F,40 to 49,35932,5217,14.52
2011-01-01T00:00:00.000,Zone 4 - Central,F,50 to 59,34194,10356,30.29
2011-01-01T00:00:00.000,Zone 4 - Central,F,60 to 69,24685,12969,52.54
2011-01-01T00:00:00.000,Zone 4 - Central,F,70 to 79,13499,9994,74.04
2011-01-01T00:00:00.000,Zone 4 - Central,F,80 +,10972,9204,83.89
2011-01-01T00:00:00.000,Zone 4 - Central,M,20 to 29,32860,491,1.49
2011-01-01T00:00:00.000,Zone 4 - Central,M,30 to 39,30359,1767,5.82
2011-01-01T00:00:00.000,Zone 4 - Central,M,40 to 49,33821,5068,14.98
2011-01-01T00:00:00.000,Zone 4 - Central,M,50 to 59,32441,10127,31.22
2011-01-01T00:00:00.000,Zone 4 - Central,M,60 to 69,22910,12138,52.98
2011-01-01T00:00:00.000,Zone 4 - Central,M,70 to 79,11707,8248,70.45
2011-01-01T00:00:00.000,Zone 4 - Central,M,80 +,6128,4865,79.39
2011-01-01T00:00:00.000,Zone 3 - Eastern,F,20 to 29,9749,170,1.74
2011-01-01T00:00:00.000,Zone 3 - Eastern,F,30 to 39,9823,855,8.70
2011-01-01T00:00:00.000,Zone 3 - Eastern,F,40 to 49,12498,2595,20.76
2011-01-01T00:00:00.000,Zone 3 - Eastern,F,50 to 59,15246,5846,38.34
2011-01-01T00:00:00.000,Zone 3 - Eastern,F,60 to 69,12375,7422,59.98
2011-01-01T00:00:00.000,Zone 3 - Eastern,F,70 to 79,7502,5836,77.79
2011-01-01T00:00:00.000,Zone 3 - Eastern,F,80 +,6025,5234,86.87
2011-01-01T00:00:00.000,Zone 3 - Eastern,M,20 to 29,10267,195,1.90
2011-01-01T00:00:00.000,Zone 3 - Eastern,M,30 to 39,9681,795,8.21
2011-01-01T00:00:00.000,Zone 3 - Eastern,M,40 to 49,12193,2473,20.28
2011-01-01T00:00:00.000,Zone 3 - Eastern,M,50 to 59,14869,5543,37.28
2011-01-01T00:00:00.000,Zone 3 - Eastern,M,60 to 69,12368,7200,58.21
2011-01-01T00:00:00.000,Zone 3 - Eastern,M,70 to 79,6718,4963,73.88
2011-01-01T00:00:00.000,Zone 3 - Eastern,M,80 +,3299,2614,79.24
2011-01-01T00:00:00.000,Zone 2 - Northern,F,20 to 29,9038,145,1.60
2011-01-01T00:00:00.000,Zone 2 - Northern,F,30 to 39,9826,779,7.93
2011-01-01T00:00:00.000,Zone 2 - Northern,F,40 to 49,12067,2176,18.03
2011-01-01T00:00:00.000,Zone 2 - Northern,F,50 to 59,13262,4789,36.11
2011-01-01T00:00:00.000,Zone 2 - Northern,F,60 to 69,10346,5956,57.57
2011-01-01T00:00:00.000,Zone 2 - Northern,F,70 to 79,6181,4707,76.15
2011-01-01T00:00:00.000,Zone 2 - Northern,F,80 +,5176,4419,85.37
2011-01-01T00:00:00.000,Zone 2 - Northern,M,20 to 29,9295,188,2.02
2011-01-01T00:00:00.000,Zone 2 - Northern,M,30 to 39,9439,687,7.28
2011-01-01T00:00:00.000,Zone 2 - Northern,M,40 to 49,11913,2329,19.55
2011-01-01T00:00:00.000,Zone 2 - Northern,M,50 to 59,12900,4697,36.41
2011-01-01T00:00:00.000,Zone 2 - Northern,M,60 to 69,10385,5881,56.63
2011-01-01T00:00:00.000,Zone 2 - Northern,M,70 to 79,5554,4045,72.83
2011-01-01T00:00:00.000,Zone 2 - Northern,M,80 +,2967,2396,80.75
2011-01-01T00:00:00.000,Zone 1 - Western,F,20 to 29,11231,166,1.48
2011-01-01T00:00:00.000,Zone 1 - Western,F,30 to 39,11801,898,7.61
2011-01-01T00:00:00.000,Zone 1 - Western,F,40 to 49,15738,2763,17.56
2011-01-01T00:00:00.000,Zone 1 - Western,F,50 to 59,18286,5964,32.62
2011-01-01T00:00:00.000,Zone 1 - Western,F,60 to 69,15117,8158,53.97
2011-01-01T00:00:00.000,Zone 1 - Western,F,70 to 79,8824,6412,72.67
2011-01-01T00:00:00.000,Zone 1 - Western,F,80 +,7237,6017,83.14
2011-01-01T00:00:00.000,Zone 1 - Western,M,20 to 29,11166,159,1.42
2011-01-01T00:00:00.000,Zone 1 - Western,M,30 to 39,11195,782,6.99
2011-01-01T00:00:00.000,Zone 1 - Western,M,40 to 49,15049,2664,17.70
2011-01-01T00:00:00.000,Zone 1 - Western,M,50 to 59,17612,5778,32.81
2011-01-01T00:00:00.000,Zone 1 - Western,M,60 to 69,14701,7595,51.66
2011-01-01T00:00:00.000,Zone 1 - Western,M,70 to 79,8265,5579,67.50
2011-01-01T00:00:00.000,Zone 1 - Western,M,80 +,4434,3373,76.07
2012-01-01T00:00:00.000,Zone 4 - Central,F,20 to 29,33241,324,0.97
2012-01-01T00:00:00.000,Zone 4 - Central,F,30 to 39,33215,1745,5.25
2012-01-01T00:00:00.000,Zone 4 - Central,F,40 to 49,35415,4930,13.92
2012-01-01T00:00:00.000,Zone 4 - Central,F,50 to 59,35176,10517,29.90
2012-01-01T00:00:00.000,Zone 4 - Central,F,60 to 69,25594,13247,51.76
2012-01-01T00:00:00.000,Zone 4 - Central,F,70 to 79,13974,10246,73.32
2012-01-01T00:00:00.000,Zone 4 - Central,F,80 +,11156,9438,84.60
2012-01-01T00:00:00.000,Zone 4 - Central,M,20 to 29,33030,487,1.47
2012-01-01T00:00:00.000,Zone 4 - Central,M,30 to 39,30522,1753,5.74
2012-01-01T00:00:00.000,Zone 4 - Central,M,40 to 49,33326,4962,14.89
2012-01-01T00:00:00.000,Zone 4 - Central,M,50 to 59,33544,10427,31.08
2012-01-01T00:00:00.000,Zone 4 - Central,M,60 to 69,23801,12523,52.62
2012-01-01T00:00:00.000,Zone 4 - Central,M,70 to 79,12177,8605,70.67
2012-01-01T00:00:00.000,Zone 4 - Central,M,80 +,6364,5110,80.30
2012-01-01T00:00:00.000,Zone 3 - Eastern,F,20 to 29,9678,161,1.66
2012-01-01T00:00:00.000,Zone 3 - Eastern,F,30 to 39,9704,820,8.45
2012-01-01T00:00:00.000,Zone 3 - Eastern,F,40 to 49,12011,2485,20.69
2012-01-01T00:00:00.000,Zone 3 - Eastern,F,50 to 59,15297,5843,38.20
2012-01-01T00:00:00.000,Zone 3 - Eastern,F,60 to 69,12783,7554,59.09
2012-01-01T00:00:00.000,Zone 3 - Eastern,F,70 to 79,7701,5974,77.57
2012-01-01T00:00:00.000,Zone 3 - Eastern,F,80 +,6048,5276,87.24
2012-01-01T00:00:00.000,Zone 3 - Eastern,M,20 to 29,10105,181,1.79
2012-01-01T00:00:00.000,Zone 3 - Eastern,M,30 to 39,9645,771,7.99
2012-01-01T00:00:00.000,Zone 3 - Eastern,M,40 to 49,11802,2392,20.27
2012-01-01T00:00:00.000,Zone 3 - Eastern,M,50 to 59,14775,5495,37.19
2012-01-01T00:00:00.000,Zone 3 - Eastern,M,60 to 69,12723,7375,57.97
2012-01-01T00:00:00.000,Zone 3 - Eastern,M,70 to 79,6981,5189,74.33
2012-01-01T00:00:00.000,Zone 3 - Eastern,M,80 +,3437,2754,80.13
2012-01-01T00:00:00.000,Zone 2 - Northern,F,20 to 29,9019,144,1.60
2012-01-01T00:00:00.000,Zone 2 - Northern,F,30 to 39,9745,751,7.71
2012-01-01T00:00:00.000,Zone 2 - Northern,F,40 to 49,11817,2085,17.64
2012-01-01T00:00:00.000,Zone 2 - Northern,F,50 to 59,13405,4764,35.54
2012-01-01T00:00:00.000,Zone 2 - Northern,F,60 to 69,10708,6077,56.75
2012-01-01T00:00:00.000,Zone 2 - Northern,F,70 to 79,6366,4850,76.19
2012-01-01T00:00:00.000,Zone 2 - Northern,F,80 +,5180,4430,85.52
2012-01-01T00:00:00.000,Zone 2 - Northern,M,20 to 29,9305,181,1.95
2012-01-01T00:00:00.000,Zone 2 - Northern,M,30 to 39,9246,667,7.21
2012-01-01T00:00:00.000,Zone 2 - Northern,M,40 to 49,11707,2253,19.24
2012-01-01T00:00:00.000,Zone 2 - Northern,M,50 to 59,12980,4699,36.20
2012-01-01T00:00:00.000,Zone 2 - Northern,M,60 to 69,10638,6025,56.64
2012-01-01T00:00:00.000,Zone 2 - Northern,M,70 to 79,5826,4261,73.14
2012-01-01T00:00:00.000,Zone 2 - Northern,M,80 +,3008,2435,80.95
2012-01-01T00:00:00.000,Zone 1 - Western,F,20 to 29,11204,160,1.43
2012-01-01T00:00:00.000,Zone 1 - Western,F,30 to 39,11639,857,7.36
2012-01-01T00:00:00.000,Zone 1 - Western,F,40 to 49,15257,2629,17.23
2012-01-01T00:00:00.000,Zone 1 - Western,F,50 to 59,18554,5982,32.24
2012-01-01T00:00:00.000,Zone 1 - Western,F,60 to 69,15520,8375,53.96
2012-01-01T00:00:00.000,Zone 1 - Western,F,70 to 79,9201,6660,72.38
2012-01-01T00:00:00.000,Zone 1 - Western,F,80 +,7317,6123,83.68
2012-01-01T00:00:00.000,Zone 1 - Western,M,20 to 29,11153,159,1.43
2012-01-01T00:00:00.000,Zone 1 - Western,M,30 to 39,10981,740,6.74
2012-01-01T00:00:00.000,Zone 1 - Western,M,40 to 49,14639,2630,17.97
2012-01-01T00:00:00.000,Zone 1 - Western,M,50 to 59,17830,5866,32.90
2012-01-01T00:00:00.000,Zone 1 - Western,M,60 to 69,15098,7871,52.13
2012-01-01T00:00:00.000,Zone 1 - Western,M,70 to 79,8573,5786,67.49
2012-01-01T00:00:00.000,Zone 1 - Western,M,80 +,4555,3519,77.26
2013-01-01T00:00:00.000,Zone 4 - Central,F,20 to 29,33603,311,0.93
2013-01-01T00:00:00.000,Zone 4 - Central,F,30 to 39,33173,1685,5.08
2013-01-01T00:00:00.000,Zone 4 - Central,F,40 to 49,35063,4763,13.58
2013-01-01T00:00:00.000,Zone 4 - Central,F,50 to 59,35884,10563,29.44
2013-01-01T00:00:00.000,Zone 4 - Central,F,60 to 69,26593,13488,50.72
2013-01-01T00:00:00.000,Zone 4 - Central,F,70 to 79,14551,10559,72.57
2013-01-01T00:00:00.000,Zone 4 - Central,F,80 +,11354,9584,84.41
2013-01-01T00:00:00.000,Zone 4 - Central,M,20 to 29,33123,457,1.38
2013-01-01T00:00:00.000,Zone 4 - Central,M,30 to 39,31004,1713,5.53
2013-01-01T00:00:00.000,Zone 4 - Central,M,40 to 49,32858,4824,14.68
2013-01-01T00:00:00.000,Zone 4 - Central,M,50 to 59,34653,10674,30.80
2013-01-01T00:00:00.000,Zone 4 - Central,M,60 to 69,24706,12945,52.40
2013-01-01T00:00:00.000,Zone 4 - Central,M,70 to 79,12766,9012,70.59
2013-01-01T00:00:00.000,Zone 4 - Central,M,80 +,6569,5314,80.90
2013-01-01T00:00:00.000,Zone 3 - Eastern,F,20 to 29,9503,152,1.60
2013-01-01T00:00:00.000,Zone 3 - Eastern,F,30 to 39,9627,783,8.13
2013-01-01T00:00:00.000,Zone 3 - Eastern,F,40 to 49,11684,2375,20.33
2013-01-01T00:00:00.000,Zone 3 - Eastern,F,50 to 59,15158,5713,37.69
2013-01-01T00:00:00.000,Zone 3 - Eastern,F,60 to 69,13146,7684,58.45
2013-01-01T00:00:00.000,Zone 3 - Eastern,F,70 to 79,7984,6185,77.47
2013-01-01T00:00:00.000,Zone 3 - Eastern,F,80 +,6090,5328,87.49
2013-01-01T00:00:00.000,Zone 3 - Eastern,M,20 to 29,9933,186,1.87
2013-01-01T00:00:00.000,Zone 3 - Eastern,M,30 to 39,9649,736,7.63
2013-01-01T00:00:00.000,Zone 3 - Eastern,M,40 to 49,11475,2333,20.33
2013-01-01T00:00:00.000,Zone 3 - Eastern,M,50 to 59,14633,5399,36.90
2013-01-01T00:00:00.000,Zone 3 - Eastern,M,60 to 69,13079,7537,57.63
2013-01-01T00:00:00.000,Zone 3 - Eastern,M,70 to 79,7272,5420,74.53
2013-01-01T00:00:00.000,Zone 3 - Eastern,M,80 +,3523,2846,80.78
2013-01-01T00:00:00.000,Zone 2 - Northern,F,20 to 29,8937,127,1.42
2013-01-01T00:00:00.000,Zone 2 - Northern,F,30 to 39,9546,705,7.39
2013-01-01T00:00:00.000,Zone 2 - Northern,F,40 to 49,11643,2043,17.55
2013-01-01T00:00:00.000,Zone 2 - Northern,F,50 to 59,13455,4712,35.02
2013-01-01T00:00:00.000,Zone 2 - Northern,F,60 to 69,11106,6227,56.07
2013-01-01T00:00:00.000,Zone 2 - Northern,F,70 to 79,6550,4960,75.73
2013-01-01T00:00:00.000,Zone 2 - Northern,F,80 +,5200,4460,85.77
2013-01-01T00:00:00.000,Zone 2 - Northern,M,20 to 29,9193,163,1.77
2013-01-01T00:00:00.000,Zone 2 - Northern,M,30 to 39,9203,650,7.06
2013-01-01T00:00:00.000,Zone 2 - Northern,M,40 to 49,11459,2135,18.63
2013-01-01T00:00:00.000,Zone 2 - Northern,M,50 to 59,13107,4703,35.88
2013-01-01T00:00:00.000,Zone 2 - Northern,M,60 to 69,10970,6202,56.54
2013-01-01T00:00:00.000,Zone 2 - Northern,M,70 to 79,6085,4477,73.57
2013-01-01T00:00:00.000,Zone 2 - Northern,M,80 +,3097,2512,81.11
2013-01-01T00:00:00.000,Zone 1 - Western,F,20 to 29,11090,158,1.42
2013-01-01T00:00:00.000,Zone 1 - Western,F,30 to 39,11581,820,7.08
2013-01-01T00:00:00.000,Zone 1 - Western,F,40 to 49,14639,2453,16.76
2013-01-01T00:00:00.000,Zone 1 - Western,F,50 to 59,18834,5981,31.76
2013-01-01T00:00:00.000,Zone 1 - Western,F,60 to 69,15950,8487,53.21
2013-01-01T00:00:00.000,Zone 1 - Western,F,70 to 79,9577,6903,72.08
2013-01-01T00:00:00.000,Zone 1 - Western,F,80 +,7398,6223,84.12
2013-01-01T00:00:00.000,Zone 1 - Western,M,20 to 29,11065,159,1.44
2013-01-01T00:00:00.000,Zone 1 - Western,M,30 to 39,10870,729,6.71
2013-01-01T00:00:00.000,Zone 1 - Western,M,40 to 49,14142,2494,17.64
2013-01-01T00:00:00.000,Zone 1 - Western,M,50 to 59,18082,5991,33.13
2013-01-01T00:00:00.000,Zone 1 - Western,M,60 to 69,15541,8121,52.26
2013-01-01T00:00:00.000,Zone 1 - Western,M,70 to 79,8917,6096,68.36
2013-01-01T00:00:00.000,Zone 1 - Western,M,80 +,4636,3608,77.83
2014-01-01T00:00:00.000,Zone 4 - Central,F,20 to 29,33533,319,0.95
2014-01-01T00:00:00.000,Zone 4 - Central,F,30 to 39,33339,1591,4.77
2014-01-01T00:00:00.000,Zone 4 - Central,F,40 to 49,34499,4610,13.36
2014-01-01T00:00:00.000,Zone 4 - Central,F,50 to 59,36606,10533,28.77
2014-01-01T00:00:00.000,Zone 4 - Central,F,60 to 69,27582,13766,49.91
2014-01-01T00:00:00.000,Zone 4 - Central,F,70 to 79,15228,10946,71.88
2014-01-01T00:00:00.000,Zone 4 - Central,F,80 +,11482,9671,84.23
2014-01-01T00:00:00.000,Zone 4 - Central,M,20 to 29,33122,429,1.30
2014-01-01T00:00:00.000,Zone 4 - Central,M,30 to 39,31294,1709,5.46
2014-01-01T00:00:00.000,Zone 4 - Central,M,40 to 49,32362,4620,14.28
2014-01-01T00:00:00.000,Zone 4 - Central,M,50 to 59,35312,10771,30.50
2014-01-01T00:00:00.000,Zone 4 - Central,M,60 to 69,25578,13386,52.33
2014-01-01T00:00:00.000,Zone 4 - Central,M,70 to 79,13425,9495,70.73
2014-01-01T00:00:00.000,Zone 4 - Central,M,80 +,6810,5531,81.22
2014-01-01T00:00:00.000,Zone 3 - Eastern,F,20 to 29,9359,156,1.67
2014-01-01T00:00:00.000,Zone 3 - Eastern,F,30 to 39,9486,746,7.86
2014-01-01T00:00:00.000,Zone 3 - Eastern,F,40 to 49,11297,2290,20.27
2014-01-01T00:00:00.000,Zone 3 - Eastern,F,50 to 59,15101,5590,37.02
2014-01-01T00:00:00.000,Zone 3 - Eastern,F,60 to 69,13582,7887,58.07
2014-01-01T00:00:00.000,Zone 3 - Eastern,F,70 to 79,8249,6345,76.92
2014-01-01T00:00:00.000,Zone 3 - Eastern,F,80 +,6120,5368,87.71
2014-01-01T00:00:00.000,Zone 3 - Eastern,M,20 to 29,9789,164,1.68
2014-01-01T00:00:00.000,Zone 3 - Eastern,M,30 to 39,9471,720,7.60
2014-01-01T00:00:00.000,Zone 3 - Eastern,M,40 to 49,11208,2273,20.28
2014-01-01T00:00:00.000,Zone 3 - Eastern,M,50 to 59,14415,5306,36.81
2014-01-01T00:00:00.000,Zone 3 - Eastern,M,60 to 69,13541,7791,57.54
2014-01-01T00:00:00.000,Zone 3 - Eastern,M,70 to 79,7471,5547,74.25
2014-01-01T00:00:00.000,Zone 3 - Eastern,M,80 +,3599,2930,81.41
2014-01-01T00:00:00.000,Zone 2 - Northern,F,20 to 29,8885,128,1.44
2014-01-01T00:00:00.000,Zone 2 - Northern,F,30 to 39,9360,653,6.98
2014-01-01T00:00:00.000,Zone 2 - Northern,F,40 to 49,11366,1958,17.23
2014-01-01T00:00:00.000,Zone 2 - Northern,F,50 to 59,13409,4610,34.38
2014-01-01T00:00:00.000,Zone 2 - Northern,F,60 to 69,11612,6475,55.76
2014-01-01T00:00:00.000,Zone 2 - Northern,F,70 to 79,6696,5011,74.84
2014-01-01T00:00:00.000,Zone 2 - Northern,F,80 +,5220,4476,85.75
2014-01-01T00:00:00.000,Zone 2 - Northern,M,20 to 29,9049,147,1.62
2014-01-01T00:00:00.000,Zone 2 - Northern,M,30 to 39,9137,617,6.75
2014-01-01T00:00:00.000,Zone 2 - Northern,M,40 to 49,11015,1975,17.93
2014-01-01T00:00:00.000,Zone 2 - Northern,M,50 to 59,13250,4718,35.61
2014-01-01T00:00:00.000,Zone 2 - Northern,M,60 to 69,11311,6383,56.43
2014-01-01T00:00:00.000,Zone 2 - Northern,M,70 to 79,6330,4671,73.79
2014-01-01T00:00:00.000,Zone 2 - Northern,M,80 +,3172,2599,81.94
2014-01-01T00:00:00.000,Zone 1 - Western,F,20 to 29,10916,149,1.36
2014-01-01T00:00:00.000,Zone 1 - Western,F,30 to 39,11466,776,6.77
2014-01-01T00:00:00.000,Zone 1 - Western,F,40 to 49,14080,2323,16.50
2014-01-01T00:00:00.000,Zone 1 - Western,F,50 to 59,18844,5893,31.27
2014-01-01T00:00:00.000,Zone 1 - Western,F,60 to 69,16543,8672,52.42
2014-01-01T00:00:00.000,Zone 1 - Western,F,70 to 79,9846,7080,71.91
2014-01-01T00:00:00.000,Zone 1 - Western,F,80 +,7519,6354,84.51
2014-01-01T00:00:00.000,Zone 1 - Western,M,20 to 29,10944,152,1.39
2014-01-01T00:00:00.000,Zone 1 - Western,M,30 to 39,10778,698,6.48
2014-01-01T00:00:00.000,Zone 1 - Western,M,40 to 49,13609,2343,17.22
2014-01-01T00:00:00.000,Zone 1 - Western,M,50 to 59,18093,5967,32.98
2014-01-01T00:00:00.000,Zone 1 - Western,M,60 to 69,16009,8438,52.71
2014-01-01T00:00:00.000,Zone 1 - Western,M,70 to 79,9241,6320,68.39
2014-01-01T00:00:00.000,Zone 1 - Western,M,80 +,4805,3762,78.29
2015-01-01T00:00:00.000,Zone 4 - Central,F,20 to 29,33575,296,0.88
2015-01-01T00:00:00.000,Zone 4 - Central,F,30 to 39,33677,1495,4.44
2015-01-01T00:00:00.000,Zone 4 - Central,F,40 to 49,34434,4460,12.95
2015-01-01T00:00:00.000,Zone 4 - Central,F,50 to 59,36721,10378,28.26
2015-01-01T00:00:00.000,Zone 4 - Central,F,60 to 69,28721,14171,49.34
2015-01-01T00:00:00.000,Zone 4 - Central,F,70 to 79,15939,11400,71.52
2015-01-01T00:00:00.000,Zone 4 - Central,F,80 +,11480,9678,84.30
2015-01-01T00:00:00.000,Zone 4 - Central,M,20 to 29,33078,412,1.25
2015-01-01T00:00:00.000,Zone 4 - Central,M,30 to 39,31811,1691,5.32
2015-01-01T00:00:00.000,Zone 4 - Central,M,40 to 49,32196,4518,14.03
2015-01-01T00:00:00.000,Zone 4 - Central,M,50 to 59,35747,10834,30.31
2015-01-01T00:00:00.000,Zone 4 - Central,M,60 to 69,26517,13731,51.78
2015-01-01T00:00:00.000,Zone 4 - Central,M,70 to 79,14081,9919,70.44
2015-01-01T00:00:00.000,Zone 4 - Central,M,80 +,7021,5716,81.41
2015-01-01T00:00:00.000,Zone 3 - Eastern,F,20 to 29,9207,149,1.62
2015-01-01T00:00:00.000,Zone 3 - Eastern,F,30 to 39,9408,707,7.51
2015-01-01T00:00:00.000,Zone 3 - Eastern,F,40 to 49,11002,2216,20.14
2015-01-01T00:00:00.000,Zone 3 - Eastern,F,50 to 59,14912,5466,36.66
2015-01-01T00:00:00.000,Zone 3 - Eastern,F,60 to 69,13987,8012,57.28
2015-01-01T00:00:00.000,Zone 3 - Eastern,F,70 to 79,8490,6525,76.86
2015-01-01T00:00:00.000,Zone 3 - Eastern,F,80 +,6105,5341,87.49
2015-01-01T00:00:00.000,Zone 3 - Eastern,M,20 to 29,9683,173,1.79
2015-01-01T00:00:00.000,Zone 3 - Eastern,M,30 to 39,9440,682,7.22
2015-01-01T00:00:00.000,Zone 3 - Eastern,M,40 to 49,11043,2205,19.97
2015-01-01T00:00:00.000,Zone 3 - Eastern,M,50 to 59,14157,5231,36.95
2015-01-01T00:00:00.000,Zone 3 - Eastern,M,60 to 69,13836,7882,56.97
2015-01-01T00:00:00.000,Zone 3 - Eastern,M,70 to 79,7696,5725,74.39
2015-01-01T00:00:00.000,Zone 3 - Eastern,M,80 +,3692,3025,81.93
2015-01-01T00:00:00.000,Zone 2 - Northern,F,20 to 29,8848,133,1.50
2015-01-01T00:00:00.000,Zone 2 - Northern,F,30 to 39,9291,631,6.79
2015-01-01T00:00:00.000,Zone 2 - Northern,F,40 to 49,11058,1883,17.03
2015-01-01T00:00:00.000,Zone 2 - Northern,F,50 to 59,13380,4506,33.68
2015-01-01T00:00:00.000,Zone 2 - Northern,F,60 to 69,11899,6560,55.13
2015-01-01T00:00:00.000,Zone 2 - Northern,F,70 to 79,6934,5164,74.47
2015-01-01T00:00:00.000,Zone 2 - Northern,F,80 +,5173,4430,85.64
2015-01-01T00:00:00.000,Zone 2 - Northern,M,20 to 29,8940,138,1.54
2015-01-01T00:00:00.000,Zone 2 - Northern,M,30 to 39,9119,617,6.77
2015-01-01T00:00:00.000,Zone 2 - Northern,M,40 to 49,10797,1878,17.39
2015-01-01T00:00:00.000,Zone 2 - Northern,M,50 to 59,13102,4684,35.75
2015-01-01T00:00:00.000,Zone 2 - Northern,M,60 to 69,11632,6523,56.08
2015-01-01T00:00:00.000,Zone 2 - Northern,M,70 to 79,6597,4862,73.70
2015-01-01T00:00:00.000,Zone 2 - Northern,M,80 +,3247,2654,81.74
2015-01-01T00:00:00.000,Zone 1 - Western,F,20 to 29,10839,144,1.33
2015-01-01T00:00:00.000,Zone 1 - Western,F,30 to 39,11450,741,6.47
2015-01-01T00:00:00.000,Zone 1 - Western,F,40 to 49,13701,2198,16.04
2015-01-01T00:00:00.000,Zone 1 - Western,F,50 to 59,18749,5839,31.14
2015-01-01T00:00:00.000,Zone 1 - Western,F,60 to 69,16995,8802,51.79
2015-01-01T00:00:00.000,Zone 1 - Western,F,70 to 79,10275,7334,71.38
2015-01-01T00:00:00.000,Zone 1 - Western,F,80 +,7589,6416,84.54
2015-01-01T00:00:00.000,Zone 1 - Western,M,20 to 29,10935,149,1.36
2015-01-01T00:00:00.000,Zone 1 - Western,M,30 to 39,10766,636,5.91
2015-01-01T00:00:00.000,Zone 1 - Western,M,40 to 49,13233,2273,17.18
2015-01-01T00:00:00.000,Zone 1 - Western,M,50 to 59,18039,5957,33.02
2015-01-01T00:00:00.000,Zone 1 - Western,M,60 to 69,16419,8674,52.83
2015-01-01T00:00:00.000,Zone 1 - Western,M,70 to 79,9622,6588,68.47
2015-01-01T00:00:00.000,Zone 1 - Western,M,80 +,4968,3909,78.68
2016-01-01T00:00:00.000,Zone 4 - Central,F,20 to 29,33716,275,0.82
2016-01-01T00:00:00.000,Zone 4 - Central,F,30 to 39,34474,1464,4.25
2016-01-01T00:00:00.000,Zone 4 - Central,F,40 to 49,34243,4321,12.62
2016-01-01T00:00:00.000,Zone 4 - Central,F,50 to 59,36870,10208,27.69
2016-01-01T00:00:00.000,Zone 4 - Central,F,60 to 69,29327,14208,48.45
2016-01-01T00:00:00.000,Zone 4 - Central,F,70 to 79,17159,12051,70.23
2016-01-01T00:00:00.000,Zone 4 - Central,F,80 +,11606,9763,84.12
2016-01-01T00:00:00.000,Zone 4 - Central,M,20 to 29,33375,372,1.11
2016-01-01T00:00:00.000,Zone 4 - Central,M,30 to 39,32666,1652,5.06
2016-01-01T00:00:00.000,Zone 4 - Central,M,40 to 49,32284,4437,13.74
2016-01-01T00:00:00.000,Zone 4 - Central,M,50 to 59,35907,10825,30.15
2016-01-01T00:00:00.000,Zone 4 - Central,M,60 to 69,27155,13923,51.27
2016-01-01T00:00:00.000,Zone 4 - Central,M,70 to 79,15090,10583,70.13
2016-01-01T00:00:00.000,Zone 4 - Central,M,80 +,7298,5924,81.17
2016-01-01T00:00:00.000,Zone 3 - Eastern,F,20 to 29,9185,152,1.65
2016-01-01T00:00:00.000,Zone 3 - Eastern,F,30 to 39,9470,709,7.49
2016-01-01T00:00:00.000,Zone 3 - Eastern,F,40 to 49,10720,2093,19.52
2016-01-01T00:00:00.000,Zone 3 - Eastern,F,50 to 59,14589,5335,36.57
2016-01-01T00:00:00.000,Zone 3 - Eastern,F,60 to 69,14151,7968,56.31
2016-01-01T00:00:00.000,Zone 3 - Eastern,F,70 to 79,8909,6750,75.77
2016-01-01T00:00:00.000,Zone 3 - Eastern,F,80 +,6201,5381,86.78
2016-01-01T00:00:00.000,Zone 3 - Eastern,M,20 to 29,9663,162,1.68
2016-01-01T00:00:00.000,Zone 3 - Eastern,M,30 to 39,9522,679,7.13
2016-01-01T00:00:00.000,Zone 3 - Eastern,M,40 to 49,10748,2081,19.36
2016-01-01T00:00:00.000,Zone 3 - Eastern,M,50 to 59,13921,5187,37.26
2016-01-01T00:00:00.000,Zone 3 - Eastern,M,60 to 69,13924,7874,56.55
2016-01-01T00:00:00.000,Zone 3 - Eastern,M,70 to 79,8168,6060,74.19
2016-01-01T00:00:00.000,Zone 3 - Eastern,M,80 +,3811,3109,81.58
2016-01-01T00:00:00.000,Zone 2 - Northern,F,20 to 29,8872,118,1.33
2016-01-01T00:00:00.000,Zone 2 - Northern,F,30 to 39,9214,607,6.59
2016-01-01T00:00:00.000,Zone 2 - Northern,F,40 to 49,10954,1832,16.72
2016-01-01T00:00:00.000,Zone 2 - Northern,F,50 to 59,13324,4409,33.09
2016-01-01T00:00:00.000,Zone 2 - Northern,F,60 to 69,12009,6535,54.42
2016-01-01T00:00:00.000,Zone 2 - Northern,F,70 to 79,7328,5387,73.51
2016-01-01T00:00:00.000,Zone 2 - Northern,F,80 +,5251,4491,85.53
2016-01-01T00:00:00.000,Zone 2 - Northern,M,20 to 29,9143,131,1.43
2016-01-01T00:00:00.000,Zone 2 - Northern,M,30 to 39,9029,586,6.49
2016-01-01T00:00:00.000,Zone 2 - Northern,M,40 to 49,10718,1832,17.09
2016-01-01T00:00:00.000,Zone 2 - Northern,M,50 to 59,12966,4623,35.65
2016-01-01T00:00:00.000,Zone 2 - Northern,M,60 to 69,11772,6546,55.61
2016-01-01T00:00:00.000,Zone 2 - Northern,M,70 to 79,7049,5195,73.70
2016-01-01T00:00:00.000,Zone 2 - Northern,M,80 +,3349,2732,81.58
2016-01-01T00:00:00.000,Zone 1 - Western,F,20 to 29,10837,133,1.23
2016-01-01T00:00:00.000,Zone 1 - Western,F,30 to 39,11480,710,6.18
2016-01-01T00:00:00.000,Zone 1 - Western,F,40 to 49,13532,2170,16.04
2016-01-01T00:00:00.000,Zone 1 - Western,F,50 to 59,18521,5710,30.83
2016-01-01T00:00:00.000,Zone 1 - Western,F,60 to 69,17217,8701,50.54
2016-01-01T00:00:00.000,Zone 1 - Western,F,70 to 79,10990,7808,71.05
2016-01-01T00:00:00.000,Zone 1 - Western,F,80 +,7639,6428,84.15
2016-01-01T00:00:00.000,Zone 1 - Western,M,20 to 29,11014,134,1.22
2016-01-01T00:00:00.000,Zone 1 - Western,M,30 to 39,10890,640,5.88
2016-01-01T00:00:00.000,Zone 1 - Western,M,40 to 49,13029,2170,16.66
2016-01-01T00:00:00.000,Zone 1 - Western,M,50 to 59,17844,5947,33.33
2016-01-01T00:00:00.000,Zone 1 - Western,M,60 to 69,16606,8760,52.75
2016-01-01T00:00:00.000,Zone 1 - Western,M,70 to 79,10279,7038,68.47
2016-01-01T00:00:00.000,Zone 1 - Western,M,80 +,5168,4061,78.58
2017-01-01T00:00:00.000,Zone 4 - Central,F,20 to 29,33946,257,0.76
2017-01-01T00:00:00.000,Zone 4 - Central,F,30 to 39,35493,1416,3.99
2017-01-01T00:00:00.000,Zone 4 - Central,F,40 to 49,34399,4230,12.30
2017-01-01T00:00:00.000,Zone 4 - Central,F,50 to 59,36922,10112,27.39
2017-01-01T00:00:00.000,Zone 4 - Central,F,60 to 69,29882,14078,47.11
2017-01-01T00:00:00.000,Zone 4 - Central,F,70 to 79,18463,12713,68.86
2017-01-01T00:00:00.000,Zone 4 - Central,F,80 +,11782,9869,83.76
2017-01-01T00:00:00.000,Zone 4 - Central,M,20 to 29,33594,358,1.07
2017-01-01T00:00:00.000,Zone 4 - Central,M,30 to 39,33802,1651,4.88
2017-01-01T00:00:00.000,Zone 4 - Central,M,40 to 49,32595,4448,13.65
2017-01-01T00:00:00.000,Zone 4 - Central,M,50 to 59,35700,10602,29.70
2017-01-01T00:00:00.000,Zone 4 - Central,M,60 to 69,27894,14105,50.57
2017-01-01T00:00:00.000,Zone 4 - Central,M,70 to 79,16298,11341,69.59
2017-01-01T00:00:00.000,Zone 4 - Central,M,80 +,7549,6064,80.33
2017-01-01T00:00:00.000,Zone 3 - Eastern,F,20 to 29,9228,140,1.52
2017-01-01T00:00:00.000,Zone 3 - Eastern,F,30 to 39,9470,647,6.83
2017-01-01T00:00:00.000,Zone 3 - Eastern,F,40 to 49,10598,2055,19.39
2017-01-01T00:00:00.000,Zone 3 - Eastern,F,50 to 59,14161,5153,36.39
2017-01-01T00:00:00.000,Zone 3 - Eastern,F,60 to 69,14359,7908,55.07
2017-01-01T00:00:00.000,Zone 3 - Eastern,F,70 to 79,9446,7118,75.35
2017-01-01T00:00:00.000,Zone 3 - Eastern,F,80 +,6264,5420,86.53
2017-01-01T00:00:00.000,Zone 3 - Eastern,M,20 to 29,9658,170,1.76
2017-01-01T00:00:00.000,Zone 3 - Eastern,M,30 to 39,9615,681,7.08
2017-01-01T00:00:00.000,Zone 3 - Eastern,M,40 to 49,10586,2040,19.27
2017-01-01T00:00:00.000,Zone 3 - Eastern,M,50 to 59,13650,5025,36.81
2017-01-01T00:00:00.000,Zone 3 - Eastern,M,60 to 69,13971,7888,56.46
2017-01-01T00:00:00.000,Zone 3 - Eastern,M,70 to 79,8653,6320,73.04
2017-01-01T00:00:00.000,Zone 3 - Eastern,M,80 +,3962,3245,81.90
2017-01-01T00:00:00.000,Zone 2 - Northern,F,20 to 29,8794,110,1.25
2017-01-01T00:00:00.000,Zone 2 - Northern,F,30 to 39,9229,589,6.38
2017-01-01T00:00:00.000,Zone 2 - Northern,F,40 to 49,10791,1813,16.80
2017-01-01T00:00:00.000,Zone 2 - Northern,F,50 to 59,13115,4310,32.86
2017-01-01T00:00:00.000,Zone 2 - Northern,F,60 to 69,12191,6497,53.29
2017-01-01T00:00:00.000,Zone 2 - Northern,F,70 to 79,7883,5706,72.38
2017-01-01T00:00:00.000,Zone 2 - Northern,F,80 +,5249,4494,85.62
2017-01-01T00:00:00.000,Zone 2 - Northern,M,20 to 29,9164,136,1.48
2017-01-01T00:00:00.000,Zone 2 - Northern,M,30 to 39,9034,593,6.56
2017-01-01T00:00:00.000,Zone 2 - Northern,M,40 to 49,10639,1807,16.98
2017-01-01T00:00:00.000,Zone 2 - Northern,M,50 to 59,12754,4516,35.41
2017-01-01T00:00:00.000,Zone 2 - Northern,M,60 to 69,11970,6619,55.30
2017-01-01T00:00:00.000,Zone 2 - Northern,M,70 to 79,7408,5400,72.89
2017-01-01T00:00:00.000,Zone 2 - Northern,M,80 +,3515,2875,81.79
2017-01-01T00:00:00.000,Zone 1 - Western,F,20 to 29,10880,125,1.15
2017-01-01T00:00:00.000,Zone 1 - Western,F,30 to 39,11567,690,5.97
2017-01-01T00:00:00.000,Zone 1 - Western,F,40 to 49,13378,2098,15.68
2017-01-01T00:00:00.000,Zone 1 - Western,F,50 to 59,18197,5516,30.31
2017-01-01T00:00:00.000,Zone 1 - Western,F,60 to 69,17531,8618,49.16
2017-01-01T00:00:00.000,Zone 1 - Western,F,70 to 79,11671,8157,69.89
